,进水流量,进水COD,进水SS,进水TP,进水TN,进水NH3,进水温度,进水ph,MLSS_2#A,MLSS_2#B,MLSS_3#,DO_2#A_1,DO_2#A_2,DO_2#A_3,DO_2#B_1,DO_2#B_2,DO_2#B_3,DO_3#_1,DO_3#_2,DO_3#_3,内回流量_2#A,内回流量_2#B,内回流量_3#,外回流量_2#A,外回流量_2#B,外回流量_3#,出水流量,出水COD,出水TP,出水TN,出水NH3
0,-0.9608425310355214,-1.0,-1.0,-0.7628635346756152,-1.0,-0.7653061224489794,0.33333333333333326,1.0,-0.08143939393939392,-0.4855384615384616,1.0,1.0,1.0,0.05882352941176405,1.0,-0.19999999999999984,1.0,-0.3333333333333336,-0.14285714285714357,1.0,-0.9608425310355209,-0.9608425310355209,-0.9608425310355195,-0.9608425310355214,-0.9608425310355214,-0.9608425310355214,-0.9735266985604875,1.0,1.0,-0.6856187290969902,-1.0
1,-0.9240947524688569,-0.9456521739130435,-0.9481361426256077,-0.70917225950783,-0.9211267605633804,-0.6530612244897956,0.33333333333333326,1.0,-0.013849431818181768,-0.3926923076923077,0.9275092936802973,0.9642857142857137,0.9562499999999998,0.06617647058823528,0.982142857142857,-0.18750000000000056,0.875,-0.31250000000000067,-0.07142857142857117,0.8749999999999998,-0.9240839926457074,-0.9240839926457074,-0.924083994922436,-0.9240839949224395,-0.9240839949224395,-0.9240839949224389,-0.9363696822774763,0.8999999999999999,1.0,-0.678929765886288,-1.0
2,-0.9057208631855247,-0.9166666666666666,-0.9222042139384117,-0.6823266219239374,-0.8816901408450708,-0.6020408163265303,0.33333333333333326,1.0,0.01994554924242431,-0.3462692307692308,0.8912639405204461,0.9464285714285707,0.9343750000000002,0.06985294117647034,0.9732142857142847,-0.18124999999999913,0.8125,-0.3020833333333339,-0.035714285714286254,0.8125000000000002,-0.9057047257275315,-0.9057047257275315,-0.9057047242097113,-0.9057047207187289,-0.9057047207187289,-0.9057047268658975,-0.9177911741359707,0.8999999999999999,1.0,-0.678929765886288,-1.0
3,-0.8873039437165171,-0.8913043478260869,-0.8962722852512156,-0.6577181208053691,-0.8366197183098593,-0.5408163265306122,0.33333333333333326,1.0,0.053740530303030276,-0.2998461538461539,0.8550185873605949,0.9285714285714288,0.9124999999999996,0.0735294117647054,0.9642857142857137,-0.1749999999999995,0.75,-0.2916666666666671,0.0,0.7500000000000009,-0.8873254588093555,-0.8873254588093555,-0.8873254588093524,-0.8873254588093575,-0.8873254588093575,-0.8873254588093563,-0.899212665994465,0.8999999999999999,1.0,-0.678929765886288,-1.0
4,-0.8505561651498527,-0.8333333333333334,-0.8444084278768234,-0.6040268456375839,-0.7577464788732395,-0.43877551020408156,0.33333333333333326,1.0,0.12133049242424243,-0.20699999999999996,0.7825278810408922,0.8928571428571426,0.8687499999999995,0.08088235294117663,0.9464285714285707,-0.1625000000000002,0.625,-0.2708333333333335,0.07142857142857117,0.6250000000000007,-0.8505669204195421,-0.8505669204195421,-0.8505669226962719,-0.8505669226962721,-0.8505669226962721,-0.8505669226962717,-0.8620556497114539,0.8,1.0,-0.6722408026755857,-1.0
5,-0.8321822758665204,-0.8079710144927537,-0.8184764991896272,-0.5771812080536912,-0.7183098591549295,-0.377551020408163,0.33333333333333326,1.0,0.1551254734848484,-0.16057692307692306,0.746282527881041,0.8749999999999996,0.8468749999999998,0.08455882352941169,0.9374999999999998,-0.15625000000000056,0.5625,-0.2604166666666674,0.10714285714285743,0.5624999999999998,-0.8321876535013635,-0.8321876535013635,-0.8321876519835442,-0.8321876484925614,-0.8321876484925614,-0.8321876546397304,-0.8434771415699482,0.8,1.0,-0.6722408026755857,-1.0
6,-0.8138083865831881,-0.7789855072463768,-0.7925445705024311,-0.5503355704697985,-0.6788732394366199,-0.32653061224489777,0.33333333333333326,1.0,0.18892045454545459,-0.11415384615384616,0.7100371747211895,0.8571428571428563,0.8250000000000002,0.08823529411764675,0.9285714285714275,-0.14999999999999913,0.5,-0.25000000000000056,0.14285714285714235,0.5000000000000004,-0.8138083865831875,-0.8138083865831875,-0.8138083865831883,-0.8138083865831902,-0.8138083865831902,-0.8138083865831891,-0.8248986334284427,0.7,1.0,-0.6655518394648829,-1.0
7,-0.7770606080165237,-0.7246376811594203,-0.7406807131280388,-0.4988814317673378,-0.5943661971830989,-0.2142857142857143,-0.33333333333333337,1.0,0.25651041666666674,-0.02130769230769236,0.6375464684014871,0.8214285714285714,0.78125,0.09558823529411686,0.9107142857142858,-0.13749999999999984,0.375,-0.22916666666666696,0.21428571428571352,0.375,-0.7770498481933741,-0.7770498481933741,-0.7770498504701047,-0.7770498504701047,-0.7770498504701047,-0.7770498504701044,-0.7877416171454316,0.7,1.0,-0.6655518394648829,-1.0
8,-0.7586867187331914,-0.6956521739130435,-0.7147487844408428,-0.4720357941834452,-0.5549295774647889,-0.16326530612244894,-0.33333333333333337,1.0,0.2903053977272727,0.02511538461538465,0.6013011152416357,0.8035714285714284,0.7593749999999999,0.09926470588235303,0.9017857142857135,-0.1312500000000002,0.3125,-0.2187500000000001,0.24999999999999978,0.31250000000000067,-0.7586705812751982,-0.7586705812751982,-0.758670579757377,-0.7586705762663941,-0.7586705762663941,-0.7586705824135632,-0.7691631090039259,0.6000000000000001,1.0,-0.6655518394648829,-1.0
9,-0.7402697992641838,-0.6702898550724637,-0.6888168557536467,-0.4451901565995525,-0.5154929577464792,-0.10204081632653039,-0.33333333333333337,1.0,0.3241003787878789,0.07153846153846155,0.5650557620817844,0.7857142857142854,0.7374999999999998,0.10294117647058809,0.8928571428571426,-0.12500000000000056,0.25,-0.20833333333333404,0.2857142857142858,0.24999999999999978,-0.7402913143570222,-0.7402913143570222,-0.7402913143570211,-0.7402913143570228,-0.7402913143570228,-0.740291314357022,-0.7505846008624204,0.6000000000000001,1.0,-0.6588628762541808,-1.0
10,-0.7035220206975192,-0.6159420289855073,-0.6369529983792545,-0.39149888143176725,-0.43661971830985913,0.010204081632653406,-0.33333333333333337,1.0,0.39169034090909083,0.16438461538461535,0.49256505576208176,0.7500000000000002,0.6937499999999996,0.11029411764705821,0.8749999999999996,-0.11249999999999938,0.125,-0.18750000000000044,0.357142857142857,0.1250000000000011,-0.7035327759672088,-0.7035327759672088,-0.7035327782439376,-0.7035327782439409,-0.7035327782439409,-0.7035327782439393,-0.7134275845794091,0.5,1.0,-0.6588628762541808,-1.0
11,-0.6851481314141871,-0.5869565217391304,-0.6110210696920584,-0.3646532438478749,-0.39718309859154954,0.06122448979591866,-0.33333333333333337,1.0,0.425485321969697,0.21080769230769225,0.45631970260223054,0.7321428571428572,0.671875,0.11397058823529327,0.8660714285714286,-0.10624999999999973,0.0625,-0.1770833333333336,0.3928571428571419,0.06250000000000022,-0.6851535090490328,-0.6851535090490328,-0.6851535075312098,-0.6851535040402267,-0.6851535040402267,-0.685153510187396,-0.6948490764379036,0.5,1.0,-0.6521739130434785,-1.0
12,-0.6667742421308548,-0.5579710144927537,-0.5818476499189627,-0.3378076062639822,-0.352112676056338,0.12244897959183731,-0.33333333333333337,1.0,0.459280303030303,0.25723076923076915,0.4200743494423791,0.7142857142857142,0.6499999999999999,0.11764705882352944,0.8571428571428563,-0.10000000000000009,0.0,-0.16666666666666674,0.42857142857142816,6.661338147750939e-16,-0.6667742421308542,-0.6667742421308542,-0.666774242130854,-0.6667742421308553,-0.6667742421308553,-0.6667742421308548,-0.676270568296398,0.5,1.0,-0.6521739130434785,-1.0
13,-0.6300264635641903,-0.5036231884057971,-0.5299837925445705,-0.28635346756152125,-0.2732394366197184,0.22448979591836782,-0.33333333333333337,0.4999999999999978,0.5268702651515151,0.3500769230769232,0.34758364312267664,0.6785714285714286,0.6062499999999997,0.12499999999999978,0.8392857142857133,-0.08749999999999902,-0.125,-0.14583333333333393,0.5000000000000007,-0.12499999999999956,-0.6300157037410408,-0.6300157037410408,-0.6300157060177705,-0.6300157060177735,-0.6300157060177735,-0.6300157060177722,-0.6391564584987021,0.3999999999999999,4.440892098500626e-16,-0.6454849498327764,-1.0
14,-0.6116525742808581,-0.4782608695652174,-0.5040518638573743,-0.2595078299776288,-0.2338028169014088,0.2857142857142856,-0.33333333333333337,0.4999999999999978,0.5606652462121211,0.3965000000000001,0.3113382899628252,0.6607142857142854,0.5843749999999996,0.12867647058823484,0.8303571428571423,-0.08124999999999938,-0.1875,-0.13541666666666707,0.5357142857142843,-0.1874999999999989,-0.6116364368228648,-0.6116364368228648,-0.6116364353050456,-0.6116364318140628,-0.6116364318140628,-0.6116364379612309,-0.6205779503571964,0.30000000000000004,4.440892098500626e-16,-0.6454849498327764,-1.0
15,-0.5932356548118505,-0.4492753623188406,-0.47811993517017826,-0.23266219239373598,-0.19436619718309878,0.33673469387755084,-0.33333333333333337,0.4999999999999978,0.5944602272727273,0.442923076923077,0.275092936802974,0.642857142857143,0.5625,0.1323529411764699,0.8214285714285714,-0.07499999999999973,-0.25,-0.12500000000000022,0.5714285714285705,-0.24999999999999978,-0.5932571699046889,-0.5932571699046889,-0.5932571699046868,-0.593257169904688,-0.593257169904688,-0.5932571699046876,-0.6019994422156909,0.30000000000000004,4.440892098500626e-16,-0.6454849498327764,-1.0
16,-0.5564878762451859,-0.39492753623188404,-0.4262560777957861,-0.1789709172259507,-0.11549295774647916,0.44897959183673475,-0.33333333333333337,0.4999999999999978,0.6620501893939394,0.5357692307692308,0.2026022304832713,0.6071428571428568,0.5187499999999998,0.13970588235294112,0.8035714285714284,-0.06250000000000044,-0.375,-0.1041666666666674,0.642857142857143,-0.3750000000000001,-0.5564986315148754,-0.5564986315148754,-0.5564986337916031,-0.556498633791606,-0.556498633791606,-0.5564986337916051,-0.5648424259326797,0.19999999999999996,4.440892098500626e-16,-0.6387959866220736,-1.0
17,-0.5381139869618538,-0.3659420289855072,-0.40032414910858993,-0.15436241610738266,-0.07042253521126762,0.5,-0.33333333333333337,0.4999999999999978,0.6958451704545454,0.5821923076923077,0.16635687732342008,0.5892857142857142,0.49687499999999973,0.14338235294117618,0.7946428571428561,-0.05624999999999902,-0.4375,-0.09375000000000056,0.6785714285714293,-0.43749999999999944,-0.5381193645966995,-0.5381193645966995,-0.5381193630788785,-0.5381193595878955,-0.5381193595878955,-0.5381193657350638,-0.5462639177911741,0.19999999999999996,4.440892098500626e-16,-0.6387959866220736,-1.0
18,-0.5197400976785215,-0.3405797101449275,-0.37439222042139386,-0.1275167785234902,-0.030985915492958038,0.5612244897959187,-0.33333333333333337,0.4999999999999978,0.7296401515151516,0.6286153846153846,0.13011152416356886,0.5714285714285712,0.47499999999999964,0.14705882352941124,0.7857142857142854,-0.04999999999999938,-0.5,-0.08333333333333381,0.7142857142857129,-0.4999999999999989,-0.5197400976785209,-0.5197400976785209,-0.5197400976785196,-0.5197400976785242,-0.5197400976785242,-0.5197400976785225,-0.5276854096496686,0.19999999999999996,4.440892098500626e-16,-0.6321070234113714,-1.0
19,-0.4829923191118569,-0.28623188405797106,-0.3225283630470016,-0.07382550335570492,0.047887323943661686,0.6734693877551023,-1.0,0.4999999999999978,0.7972301136363635,0.7214615384615384,0.05762081784386619,0.5357142857142856,0.4312499999999999,0.15441176470588247,0.7678571428571421,-0.03750000000000009,-0.625,-0.06250000000000011,0.7857142857142854,-0.6249999999999991,-0.48298155928870745,-0.48298155928870745,-0.48298156156543604,-0.4829815615654387,-0.4829815615654387,-0.4829815615654379,-0.4905283933666573,0.10000000000000009,4.440892098500626e-16,-0.6321070234113714,-1.0
20,-0.46461842982852475,-0.25724637681159424,-0.29659643435980554,-0.04697986577181201,0.08732394366197171,0.7244897959183678,-1.0,0.4999999999999978,0.8310250946969697,0.7678846153846153,0.021375464684014966,0.5178571428571426,0.4093749999999998,0.15808823529411753,0.7589285714285712,-0.031250000000000444,-0.6875,-0.052083333333334036,0.8214285714285714,-0.6875,-0.4646022923705315,-0.4646022923705315,-0.4646022908527113,-0.46460228736172804,-0.46460228736172804,-0.4646022935088967,-0.4719498852251518,0.10000000000000009,4.440892098500626e-16,-0.6321070234113714,-1.0
21,-0.44620151035951716,-0.2282608695652174,-0.27066450567260936,-0.020134228187919656,0.12676056338028174,0.7755102040816331,-1.0,0.4999999999999978,0.8648200757575757,0.8143076923076924,-0.014869888475836479,0.5,0.38749999999999973,0.1617647058823526,0.7499999999999991,-0.024999999999999023,-0.75,-0.041666666666667296,0.8571428571428577,-0.7499999999999994,-0.4462230254523556,-0.4462230254523556,-0.4462230254523525,-0.4462230254523568,-0.4462230254523568,-0.44622302545235537,-0.45337137708364617,0.0,4.440892098500626e-16,-0.6254180602006691,-1.0
22,-0.4094537317928527,-0.17391304347826086,-0.21880064829821722,0.031319910514541416,0.21126760563380276,0.887755102040817,-1.0,0.4999999999999978,0.9324100378787878,0.9071538461538462,-0.08736059479553904,0.4642857142857144,0.34375,0.1691176470588227,0.7321428571428572,-0.012499999999999734,-0.875,-0.020833333333333592,0.9285714285714275,-0.8749999999999998,-0.4094644870625421,-0.4094644870625421,-0.40946448933927193,-0.40946448933927126,-0.40946448933927126,-0.4094644893392707,-0.416214360800635,0.0,4.440892098500626e-16,-0.6254180602006691,-1.0
23,-0.39107984250952044,-0.14855072463768115,-0.19286871961102103,0.05816554809843377,0.25070422535211234,0.9489795918367347,-1.0,0.4999999999999978,0.966205018939394,0.9535769230769231,-0.12360594795539037,0.4464285714285714,0.3218749999999999,0.17279411764705888,0.7232142857142849,-0.006250000000000089,-0.9375,-0.010416666666666852,0.9642857142857137,-0.9374999999999991,-0.3910852201443662,-0.3910852201443662,-0.3910852186265442,-0.3910852151355606,-0.3910852151355606,-0.3910852212827295,-0.3976358526591294,-0.09999999999999998,4.440892098500626e-16,-0.618729096989967,-1.0
24,-0.37270595322618816,-0.11956521739130432,-0.16693679092382496,0.08501118568232657,0.29014084507042237,1.0,-1.0,0.4999999999999978,1.0,1.0,-0.1598513011152416,0.42857142857142816,0.2999999999999998,0.17647058823529393,0.7142857142857142,-4.440892098500626e-16,-1.0,-7.771561172376096e-16,1.0,-1.0,-0.3727059532261876,-0.3727059532261876,-0.3727059532261884,-0.3727059532261894,-0.3727059532261894,-0.37270595322618827,-0.37905734451762385,-0.09999999999999998,4.440892098500626e-16,-0.618729096989967,-1.0
25,-0.41190645237634205,-0.050724637681159424,-0.09238249594813619,0.14317673378076057,0.323943661971831,0.8775510204081638,-1.0,0.4999999999999978,0.9791666666666667,0.9956153846153846,-0.21236059479553904,0.39285714285714257,0.21875,0.10294117647058809,0.7142857142857142,-0.06250000000000044,-0.9875000000000007,-0.041666666666667296,0.9464285714285718,-0.9062499999999994,-0.4119118300111879,-0.4119118300111879,-0.4119118284933647,-0.41191182500238155,-0.41191182500238155,-0.41191183114955066,-0.41784480724261475,-0.19999999999999996,4.440892098500626e-16,-0.5518394648829432,-1.0
26,-0.4315282170442566,-0.01449275362318836,-0.05672609400324147,0.17002237136465292,0.340845070422535,0.8265306122448983,-1.0,0.4999999999999978,0.96875,0.993423076923077,-0.2386152416356877,0.3750000000000002,0.17812499999999964,0.06617647058823528,0.7142857142857142,-0.09375000000000044,-0.9812499999999993,-0.06250000000000011,0.9196428571428568,-0.8593749999999991,-0.431514770680415,-0.431514770680415,-0.4315147714393248,-0.431514767037649,-0.431514767037649,-0.43151476293953606,-0.43728144509042544,-0.19999999999999996,4.440892098500626e-16,-0.5183946488294316,-1.0
27,-0.4511069515264958,0.021739130434782705,-0.021069692058346856,0.19910514541387014,0.3577464788732392,0.7653061224489799,-1.0,0.4999999999999978,0.9583333333333333,0.9912307692307691,-0.2648698884758365,0.357142857142857,0.13749999999999973,0.02941176470588225,0.7142857142857142,-0.12500000000000056,-0.9749999999999996,-0.08333333333333381,0.8928571428571415,-0.8124999999999989,-0.4511177067961857,-0.4511177067961857,-0.45111770907291293,-0.4511177090729166,-0.4511177090729166,-0.45111770907291526,-0.4566751764529209,-0.19999999999999996,4.440892098500626e-16,-0.4849498327759201,-1.0
28,-0.4903074506766497,0.0905797101449275,0.05348460291734192,0.25727069351230414,0.3915492957746476,0.6428571428571428,-1.0,0.4999999999999978,0.9375,0.9868461538461539,-0.3173791821561338,0.3214285714285714,0.05624999999999991,-0.044117647058823595,0.7142857142857142,-0.18750000000000056,-0.9625000000000004,-0.12500000000000022,0.8392857142857133,-0.7187499999999998,-0.4903235881346424,-0.4903235881346424,-0.49032358434009227,-0.49032358084910876,-0.49032358084910876,-0.49032358699627765,-0.4954626391779118,-0.30000000000000004,4.440892098500626e-16,-0.41806020066889626,-1.0
29,-0.5099292153445643,0.12681159420289845,0.08914100486223653,0.28411633109619694,0.408450704225352,0.5918367346938775,-1.0,0.4999999999999978,0.9270833333333333,0.9846538461538461,-0.3436338289962825,0.3035714285714284,0.015625,-0.08088235294117652,0.7142857142857142,-0.21874999999999967,-0.9562500000000007,-0.14583333333333393,0.8125000000000004,-0.6718749999999994,-0.509926524250413,-0.509926524250413,-0.5099265272860493,-0.5099265228843763,-0.5099265228843763,-0.509926518786263,-0.5148992770257224,-0.30000000000000004,4.440892098500626e-16,-0.3846153846153847,-1.0
30,-0.5295079498268035,0.1594202898550725,0.12479740680713136,0.3131991051454137,0.4309859154929576,0.5306122448979598,-0.33333333333333337,0.4999999999999978,0.9166666666666667,0.9824615384615385,-0.36988847583643125,0.2857142857142858,-0.025000000000000355,-0.11764705882352955,0.7142857142857142,-0.24999999999999967,-0.9499999999999993,-0.16666666666666674,0.7857142857142854,-0.6249999999999991,-0.52952946491964,-0.52952946491964,-0.5295294649196405,-0.5295294649196438,-0.5295294649196438,-0.5295294649196423,-0.5342930083882178,-0.30000000000000004,4.440892098500626e-16,-0.3444816053511709,-0.7142857142857144
31,-0.5687514791626326,0.2318840579710144,0.19935170178282013,0.3713646532438477,0.46478873239436624,0.4081632653061227,-0.33333333333333337,0.0,0.8958333333333333,0.9780769230769231,-0.4223977695167286,0.24999999999999978,-0.10625000000000018,-0.1911764705882354,0.7142857142857142,-0.31249999999999967,-0.9375,-0.20833333333333404,0.7321428571428572,-0.53125,-0.5687353417046404,-0.5687353417046404,-0.5687353401868198,-0.568735336695836,-0.568735336695836,-0.5687353428430046,-0.5730804711132087,-0.4,4.440892098500626e-16,-0.2775919732441472,-0.7142857142857144
32,-0.5883302136448718,0.26449275362318847,0.23500810372771475,0.40044742729306493,0.4816901408450702,0.34693877551020424,-0.33333333333333337,0.0,0.8854166666666667,0.9758846153846155,-0.44865241635687736,0.2321428571428572,-0.1468750000000001,-0.2279411764705883,0.7142857142857142,-0.34374999999999967,-0.9312500000000004,-0.22916666666666696,0.7053571428571419,-0.4843749999999998,-0.5883382823738674,-0.5883382823738674,-0.5883382831327769,-0.5883382787311036,-0.5883382787311036,-0.5883382746329879,-0.5925171089610195,-0.4,4.440892098500626e-16,-0.24414715719063562,-0.7142857142857144
33,-0.6079519783127865,0.3007246376811594,0.27066450567260936,0.4272930648769573,0.4985915492957744,0.29591836734693877,-0.33333333333333337,0.0,0.875,0.9736923076923076,-0.474907063197026,0.2142857142857142,-0.1875,-0.26470588235294124,0.7142857142857142,-0.37499999999999967,-0.9250000000000007,-0.25000000000000056,0.6785714285714293,-0.43749999999999944,-0.607941218489638,-0.607941218489638,-0.6079412207663681,-0.6079412207663675,-0.6079412207663675,-0.6079412207663671,-0.611910840323515,-0.4,4.440892098500626e-16,-0.21070234113712394,-0.7142857142857144
34,-0.6471524774629402,0.36956521739130443,0.34521880064829813,0.4854586129753913,0.5323943661971828,0.17346938775510257,-0.33333333333333337,0.0,0.8541666666666667,0.9693076923076922,-0.5274163568773234,0.1785714285714286,-0.26875000000000027,-0.3382352941176471,0.7142857142857142,-0.4374999999999998,-0.9124999999999996,-0.2916666666666671,0.6249999999999987,-0.3437499999999989,-0.6471470998280948,-0.6471470998280948,-0.6471470960335444,-0.6471470925425632,-0.6471470925425632,-0.6471470986897316,-0.6506983030485058,-0.5,4.440892098500626e-16,-0.1438127090301008,-0.7142857142857144
35,-0.6667312119451796,0.4057971014492754,0.38087520259319296,0.5145413870246085,0.5492957746478873,0.11224489795918391,-0.33333333333333337,0.0,0.84375,0.9671153846153846,-0.5536710037174721,0.16071428571428537,-0.3093750000000002,-0.3750000000000001,0.7142857142857142,-0.4687499999999998,-0.90625,-0.31250000000000067,0.5982142857142858,-0.2968750000000001,-0.6667500359438654,-0.6667500359438654,-0.6667500389795045,-0.6667500345778308,-0.6667500345778308,-0.6667500304797149,-0.6701349408963164,-0.5,4.440892098500626e-16,-0.11036789297658867,-0.7142857142857144
36,-0.686352976613094,0.44202898550724634,0.4165316045380876,0.5436241610738253,0.5661971830985915,0.06122448979591866,-0.33333333333333337,0.0,0.8333333333333333,0.964923076923077,-0.5799256505576208,0.14285714285714302,-0.3500000000000001,-0.41176470588235303,0.7142857142857142,-0.4999999999999998,-0.9000000000000004,-0.3333333333333336,0.5714285714285705,-0.24999999999999978,-0.6863529766130951,-0.6863529766130951,-0.6863529766130927,-0.6863529766130947,-0.6863529766130947,-0.6863529766130941,-0.6895286722588119,-0.5,4.440892098500626e-16,-0.0769230769230771,-0.7142857142857144
37,-0.7255534757632479,0.5108695652173914,0.49108589951377635,0.5995525727069348,0.5999999999999999,-0.061224489795918324,-0.33333333333333337,0.0,0.8125,0.9605384615384616,-0.6324349442379182,0.10714285714285743,-0.43125000000000036,-0.4852941176470589,0.7142857142857142,-0.5624999999999998,-0.8874999999999993,-0.3750000000000001,0.5178571428571426,-0.15624999999999922,-0.7255588533980928,-0.7255588533980928,-0.725558851880272,-0.7255588483892904,-0.7255588483892904,-0.7255588545364586,-0.7283161349838028,-0.6,4.440892098500626e-16,-0.010033444816053838,-0.7142857142857144
38,-0.7451752404311625,0.5434782608695652,0.526742301458671,0.6286353467561518,0.6169014084507041,-0.12244897959183654,-0.33333333333333337,0.0,0.8020833333333333,0.9583461538461537,-0.6586895910780669,0.08928571428571419,-0.47187500000000027,-0.5220588235294118,0.7142857142857142,-0.5937499999999998,-0.8812499999999996,-0.3958333333333337,0.49107142857142727,-0.109374999999999,-0.7451617940673199,-0.7451617940673199,-0.745161794826229,-0.7451617904245544,-0.7451617904245544,-0.7451617863264419,-0.7477527728316136,-0.6,4.440892098500626e-16,0.023411371237457734,-0.7142857142857144
39,-0.7647539749134018,0.5797101449275361,0.5623987034035656,0.6577181208053691,0.6338028169014085,-0.18367346938775497,-0.33333333333333337,0.0,0.7916666666666667,0.9561538461538461,-0.6849442379182156,0.07142857142857117,-0.5125000000000002,-0.5588235294117647,0.7142857142857142,-0.6249999999999998,-0.875,-0.4166666666666673,0.4642857142857144,-0.06250000000000011,-0.7647647301830905,-0.7647647301830905,-0.7647647324598202,-0.7647647324598219,-0.7647647324598219,-0.7647647324598211,-0.7671465041941089,-0.7,4.440892098500626e-16,0.05685618729096986,-0.7142857142857144
40,-0.8039544740635556,0.6485507246376812,0.6369529983792546,0.7136465324384786,0.6676056338028167,-0.29591836734693844,-0.33333333333333337,0.0,0.7708333333333333,0.9517692307692307,-0.737453531598513,0.03571428571428559,-0.59375,-0.6323529411764706,0.7142857142857142,-0.6874999999999998,-0.8625000000000007,-0.4583333333333338,0.41071428571428514,0.031250000000000444,-0.8039706115215473,-0.8039706115215473,-0.8039706077269997,-0.8039706042360141,-0.8039706042360141,-0.8039706103831836,-0.8059339669190998,-0.7,4.440892098500626e-16,0.123745819397993,-0.7142857142857144
41,-0.8235762387314701,0.6847826086956521,0.6726094003241492,0.7427293064876954,0.6845070422535211,-0.357142857142857,-0.33333333333333337,0.0,0.7604166666666667,0.9495769230769231,-0.7637081784386617,0.017857142857143016,-0.6343750000000004,-0.6691176470588236,0.7142857142857142,-0.7187499999999999,-0.8562499999999993,-0.47916666666666674,0.3839285714285712,0.07812500000000067,-0.8235735476373178,-0.8235735476373178,-0.8235735506729567,-0.8235735462712817,-0.8235735462712817,-0.8235735421731689,-0.8253706047669105,-0.7,4.440892098500626e-16,0.1571906354515047,-0.7142857142857144
42,-0.8431549732137094,0.7210144927536233,0.7082658022690438,0.7718120805369126,0.7070422535211267,-0.41836734693877553,0.33333333333333326,0.0,0.75,0.9473846153846155,-0.7899628252788105,0.0,-0.6750000000000003,-0.7058823529411765,0.7142857142857142,-0.7499999999999999,-0.8499999999999996,-0.5000000000000004,0.357142857142857,0.1250000000000011,-0.8431764883065476,-0.8431764883065476,-0.8431764883065448,-0.8431764883065491,-0.8431764883065491,-0.8431764883065481,-0.8447643361294059,-0.8,4.440892098500626e-16,0.19732441471571893,-0.42857142857142894
43,-0.8823985025495384,0.7898550724637681,0.7828200972447326,0.8277404921700224,0.7408450704225347,-0.530612244897959,0.33333333333333326,-0.4999999999999978,0.7291666666666667,0.9430000000000001,-0.8424721189591078,-0.03571428571428559,-0.7562500000000001,-0.7794117647058824,0.7142857142857142,-0.8124999999999999,-0.8375000000000004,-0.541666666666667,0.3035714285714277,0.21875000000000022,-0.8823823650915452,-0.8823823650915452,-0.8823823635737241,-0.8823823600827413,-0.8823823600827413,-0.8823823662299105,-0.8835517988543968,-0.8,4.440892098500626e-16,0.2642140468227421,-0.42857142857142894
44,-0.9019772370317778,0.826086956521739,0.8184764991896272,0.8568232662192392,0.7577464788732395,-0.5918367346938775,0.33333333333333326,-0.4999999999999978,0.71875,0.9408076923076922,-0.8687267657992566,-0.053571428571428714,-0.796875,-0.8161764705882353,0.7142857142857142,-0.8437499999999999,-0.8312500000000007,-0.5625000000000004,0.27678571428571375,0.26562500000000044,-0.901985305760775,-0.901985305760775,-0.9019853065196842,-0.9019853021180089,-0.9019853021180089,-0.9019852980198959,-0.9029884367022075,-0.9,4.440892098500626e-16,0.29765886287625376,-0.42857142857142894
45,-0.9215990016996923,0.8586956521739131,0.8541329011345218,0.885906040268456,0.7746478873239437,-0.6530612244897956,0.33333333333333326,-0.4999999999999978,0.7083333333333333,0.9386153846153846,-0.8949814126394052,-0.07142857142857117,-0.8375000000000004,-0.8529411764705883,0.7142857142857142,-0.875,-0.8249999999999993,-0.5833333333333334,0.24999999999999978,0.31250000000000067,-0.921588241876543,-0.921588241876543,-0.9215882441532723,-0.9215882441532763,-0.9215882441532763,-0.9215882441532751,-0.922382168064703,-0.9,4.440892098500626e-16,0.33110367892976544,-0.42857142857142894
46,-0.9607995008498462,0.931159420289855,0.9286871961102108,0.9418344519015656,0.8084507042253517,-0.7653061224489794,0.33333333333333326,-0.4999999999999978,0.6875,0.9342307692307692,-0.9474907063197026,-0.10714285714285732,-0.9187500000000002,-0.9264705882352942,0.7142857142857142,-0.9375,-0.8125,-0.6250000000000007,0.19642857142857162,0.4062499999999998,-0.9607941232150023,-0.9607941232150023,-0.9607941194204518,-0.9607941159294685,-0.9607941159294685,-0.9607941220766375,-0.9611696307896939,-0.9,4.440892098500626e-16,0.39799331103678903,-0.42857142857142894
47,-0.9803782353320855,0.963768115942029,0.9643435980551054,0.9709172259507823,0.8253521126760559,-0.826530612244898,0.33333333333333326,-0.4999999999999978,0.6770833333333333,0.9320384615384616,-0.9737453531598513,-0.12499999999999989,-0.9593750000000001,-0.9632352941176471,0.7142857142857142,-0.96875,-0.8062500000000004,-0.6458333333333335,0.16964285714285632,0.453125,-0.9803970593307704,-0.9803970593307704,-0.9803970623664088,-0.9803970579647361,-0.9803970579647361,-0.9803970538666208,-0.9806062686375046,-1.0,4.440892098500626e-16,0.4314381270903007,-0.42857142857142894
48,-1.0,1.0,1.0,1.0,0.8422535211267608,-0.8877551020408162,0.33333333333333326,-0.4999999999999978,0.6666666666666667,0.9298461538461538,-1.0,-0.1428571428571429,-1.0,-1.0,0.7142857142857142,-1.0,-0.8000000000000007,-0.6666666666666672,0.14285714285714235,0.5000000000000004,-1.0,-1.0,-1.0,-1.0,-1.0,-1.0,-1.0,-1.0,4.440892098500626e-16,0.4648829431438122,-0.42857142857142894
49,-0.8749973106133953,0.923913043478261,0.9286871961102108,0.9127516778523488,0.7915492957746477,-0.846938775510204,0.33333333333333326,-0.4999999999999978,0.6222774621212122,0.8640000000000001,-0.9566914498141263,-0.10714285714285732,-0.8937500000000003,-0.9558823529411768,0.6607142857142847,-0.9500000000000002,-0.7249999999999996,-0.6666666666666672,0.12499999999999911,0.5104166666666665,-0.8750000017075461,-0.8750000017075461,-0.8749999986719063,-0.8750000030735873,-0.8750000030735873,-0.8749999928283023,-0.875013408276661,-1.0,4.440892098500626e-16,0.41806020066889626,-0.42857142857142894
50,-0.8125174810129305,0.8876811594202898,0.8930307941653159,0.8680089485458613,0.7690140845070417,-0.826530612244898,0.33333333333333326,-0.4999999999999978,0.6000828598484849,0.831076923076923,-0.9350371747211896,-0.0892857142857143,-0.8406250000000002,-0.9338235294117654,0.6339285714285707,-0.9249999999999998,-0.6875,-0.6666666666666672,0.11607142857142838,0.5156250000000009,-0.812500000284591,-0.812500000284591,-0.8124999980078609,-0.8124999984632095,-0.8124999984632095,-0.8124999964141525,-0.8124986591723339,-1.0,4.440892098500626e-16,0.39799331103678903,-0.42857142857142894
51,-0.7499946212267906,0.8514492753623188,0.8541329011345218,0.8232662192393729,0.7464788732394365,-0.8061224489795916,0.33333333333333326,-0.4999999999999978,0.5778882575757576,0.7981538461538462,-0.9133828996282528,-0.07142857142857117,-0.7875000000000001,-0.9117647058823527,0.6071428571428568,-0.9000000000000004,-0.6500000000000004,-0.6666666666666672,0.10714285714285743,0.5208333333333339,-0.7499999988616359,-0.7499999988616359,-0.7499999973438156,-0.7499999938528317,-0.7499999938528317,-0.7500000000000006,-0.7499839100680068,-0.9,4.440892098500626e-16,0.3712374581939797,-0.42857142857142894
52,-0.6249919318401859,0.7753623188405796,0.7828200972447326,0.7360178970917226,0.6957746478873237,-0.7653061224489794,0.33333333333333326,-0.4999999999999978,0.533499053030303,0.7323076923076923,-0.8700743494423792,-0.03571428571428559,-0.6812500000000004,-0.8676470588235297,0.5535714285714286,-0.8500000000000005,-0.5749999999999993,-0.6666666666666672,0.08928571428571419,0.53125,-0.625000000569182,-0.625000000569182,-0.6250000013280907,-0.6249999969264154,-0.6249999969264154,-0.6249999928283028,-0.6249973183446678,-0.9,4.440892098500626e-16,0.3244147157190631,-0.42857142857142894
53,-0.5625121022397211,0.7391304347826086,0.747163695299838,0.6912751677852347,0.6732394366197181,-0.7448979591836735,0.33333333333333326,-0.4999999999999978,0.5113044507575757,0.6993846153846155,-0.8484200743494423,-0.017857142857143127,-0.6281250000000003,-0.8455882352941181,0.5267857142857133,-0.8250000000000001,-0.5374999999999996,-0.6666666666666672,0.08035714285714213,0.536458333333333,-0.562499999146227,-0.562499999146227,-0.5625000006640453,-0.562500004610377,-0.562500004610377,-0.5624999964141508,-0.5624825692403407,-0.9,4.440892098500626e-16,0.3043478260869559,-0.42857142857142894
54,-0.49998924245358123,0.6992753623188406,0.7115072933549433,0.6487695749440714,0.6450704225352111,-0.7244897959183674,0.33333333333333326,-0.4999999999999978,0.4891098484848484,0.6664615384615384,-0.8267657992565056,0.0,-0.5750000000000002,-0.8235294117647065,0.49999999999999933,-0.7999999999999997,-0.5,-0.6666666666666672,0.07142857142857117,0.5416666666666676,-0.49999999772327186,-0.49999999772327186,-0.5,-0.5000000000000027,-0.5000000000000027,-0.5000000000000011,-0.5000107266213288,-0.9,4.440892098500626e-16,0.2775919732441472,-0.14285714285714302
55,-0.3749865530669765,0.6268115942028984,0.6369529983792546,0.559284116331096,0.5999999999999999,-0.6938775510204082,0.33333333333333326,-0.4999999999999978,0.44472064393939403,0.6006153846153846,-0.783457249070632,0.03571428571428559,-0.46875,-0.7794117647058824,0.4464285714285714,-0.7499999999999999,-0.4250000000000007,-0.6666666666666672,0.05357142857142816,0.5520833333333337,-0.37499999943081797,-0.37499999943081797,-0.37499999867190625,-0.3750000030735864,-0.3750000030735864,-0.3749999928283033,-0.37498122841267456,-0.9,4.440892098500626e-16,0.23076923076923062,-0.14285714285714302
56,-0.31250672346651176,0.5869565217391304,0.6012965964343597,0.5167785234899327,0.5718309859154929,-0.6734693877551021,0.33333333333333326,-0.4999999999999978,0.42252604166666674,0.5676923076923077,-0.7618029739776951,0.0535714285714286,-0.41562500000000036,-0.7573529411764708,0.41964285714285676,-0.7250000000000004,-0.3874999999999993,-0.6666666666666672,0.044642857142857206,0.5572916666666667,-0.3124999980078629,-0.3124999980078629,-0.3124999980078609,-0.31249999846320864,-0.31249999846320864,-0.3124999964141514,-0.3125093857936627,-0.9,4.440892098500626e-16,0.21070234113712338,-0.14285714285714302
57,-0.24998386368037173,0.5507246376811594,0.5656401944894651,0.4720357941834452,0.5492957746478873,-0.6530612244897956,0.33333333333333326,-0.4999999999999978,0.40033143939393945,0.5347692307692307,-0.7401486988847583,0.07142857142857117,-0.36250000000000027,-0.7352941176470593,0.39285714285714257,-0.7000000000000001,-0.34999999999999964,-0.6666666666666672,0.03571428571428492,0.5624999999999998,-0.25000000113836407,-0.25000000113836407,-0.24999999734381562,-0.24999999385283078,-0.24999999385283078,-0.24999999999999944,-0.24999463668933564,-0.8,4.440892098500626e-16,0.18394648829431404,-0.14285714285714302
58,-0.1249811742937671,0.4746376811594204,0.4943273905996759,0.384787472035794,0.4985915492957744,-0.6122448979591836,0.33333333333333326,-0.4999999999999978,0.35594223484848486,0.468923076923077,-0.6968401486988848,0.10714285714285743,-0.2562500000000001,-0.6911764705882351,0.33928571428571397,-0.6500000000000001,-0.27500000000000036,-0.6666666666666672,0.017857142857143016,0.5729166666666674,-0.1249999982924539,-0.1249999982924539,-0.12500000132809064,-0.12499999692641806,-0.12499999692641806,-0.12499999282830176,-0.1250080449659966,-0.8,4.440892098500626e-16,0.13712374581939746,-0.14285714285714302
59,-0.06250134469330237,0.4384057971014492,0.4586709886547813,0.3400447427293065,0.4760563380281688,-0.5918367346938775,0.33333333333333326,-0.4999999999999978,0.33374763257575757,0.43599999999999994,-0.675185873605948,0.12499999999999978,-0.203125,-0.6691176470588236,0.3125,-0.6249999999999998,-0.2375000000000007,-0.6666666666666672,0.008928571428570953,0.5781250000000004,-0.06250000142295509,-0.06250000142295509,-0.06250000066404537,-0.06250000461037963,-0.06250000461037963,-0.06249999641414983,-0.06249329586166952,-0.8,4.440892098500626e-16,0.11705685618729089,-0.14285714285714302
60,2.1515092837542937e-05,0.40217391304347827,0.42301458670988645,0.297539149888143,0.4535211267605632,-0.5714285714285714,0.33333333333333326,-0.4999999999999978,0.3115530303030303,0.4030769230769231,-0.6535315985130111,0.14285714285714302,-0.15000000000000036,-0.647058823529412,0.28571428571428537,-0.6000000000000003,-0.1999999999999993,-0.6666666666666672,0.0,0.5833333333333335,0.0,0.0,0.0,-1.7763568394002505e-15,-1.7763568394002505e-15,0.0,2.145324265767634e-05,-0.8,4.440892098500626e-16,0.09698996655518366,-0.14285714285714302
61,0.12498117429376698,0.326086956521739,0.3484602917341977,0.2080536912751676,0.4028169014084506,-0.530612244897959,-0.33333333333333337,-1.0,0.2671638257575757,0.3372307692307692,-0.6102230483271376,0.1785714285714286,-0.04375000000000018,-0.602941176470589,0.23214285714285654,-0.5499999999999996,-0.125,-0.6666666666666672,-0.017857142857143127,0.5937500000000009,0.1249999982924539,0.1249999982924539,0.12500000132809386,0.12499999692641439,0.12499999692641439,0.12500000717169768,0.1250080449659967,-0.8,4.440892098500626e-16,0.05016722408026708,-0.14285714285714302
62,0.187504034079907,0.28623188405797095,0.31280388978930307,0.1655480984340043,0.3746478873239436,-0.510204081632653,-0.33333333333333337,-1.0,0.2449692234848484,0.3043076923076924,-0.5885687732342008,0.19642857142857162,0.009374999999999911,-0.5808823529411763,0.20535714285714257,-0.5250000000000001,-0.08750000000000036,-0.6666666666666672,-0.02678571428571408,0.5989583333333339,0.18749999971540898,0.18749999971540898,0.18750000199213912,0.18750000153679225,0.18750000153679225,0.18750000358584962,0.18747988758500855,-0.8,4.440892098500626e-16,0.023411371237457734,-0.14285714285714302
63,0.24998386368037173,0.25,0.27714748784440846,0.12080536912751683,0.352112676056338,-0.4897959183673469,-0.33333333333333337,-1.0,0.2227746212121211,0.27138461538461534,-0.5669144981412639,0.2142857142857142,0.0625,-0.5588235294117647,0.1785714285714286,-0.4999999999999998,-0.05000000000000071,-0.6666666666666672,-0.035714285714286254,0.604166666666667,0.25000000113836407,0.25000000113836407,0.2500000026561844,0.2500000061471701,0.2500000061471701,0.25000000000000155,0.24999463668933553,-0.7,4.440892098500626e-16,0.0033444816053511683,-0.14285714285714302
64,0.3749865530669765,0.17391304347826098,0.20583468395461924,0.03355704697986561,0.30140845070422495,-0.4489795918367344,-0.33333333333333337,-1.0,0.17838541666666674,0.20553846153846145,-0.5236059479553903,0.24999999999999978,0.16874999999999973,-0.5147058823529416,0.12499999999999978,-0.44999999999999996,0.025000000000000355,-0.6666666666666672,-0.05357142857142927,0.614583333333333,0.37499999943081797,0.37499999943081797,0.37499999867190925,0.3750000030735827,0.3750000030735827,0.37500000717169923,0.37498122841267456,-0.7,4.440892098500626e-16,-0.04347826086956552,-0.14285714285714302
65,0.4375094128531165,0.1376811594202898,0.16693679092382485,-0.01118568232662187,0.27887323943661957,-0.4285714285714284,-0.33333333333333337,-1.0,0.15619081439393945,0.17261538461538461,-0.5019516728624536,0.2678571428571428,0.22187499999999982,-0.4926470588235301,0.09821428571428514,-0.4249999999999996,0.0625,-0.6666666666666672,-0.06250000000000022,0.6197916666666676,0.43750000085377305,0.43750000085377305,0.43749999933595474,0.43749999538962125,0.43749999538962125,0.4375000035858492,0.43749597751700176,-0.7,4.440892098500626e-16,-0.07023411371237487,-0.14285714285714302
66,0.49998924245358123,0.10144927536231885,0.13128038897893024,-0.0559284116331098,0.25633802816901397,-0.40816326530612235,-0.33333333333333337,-1.0,0.13399621212121215,0.13969230769230778,-0.48029739776951674,0.2857142857142858,0.2749999999999999,-0.47058823529411753,0.07142857142857117,-0.40000000000000013,0.09999999999999964,-0.6666666666666672,-0.07142857142857117,0.6250000000000007,0.5000000022767281,0.5000000022767281,0.5,0.4999999999999991,0.4999999999999991,0.5000000000000011,0.5000107266213287,-0.7,4.440892098500626e-16,-0.0903010033444821,0.14285714285714257
67,0.624991931840186,0.0253623188405796,0.05996758508914102,-0.14317673378076057,0.20563380281690136,-0.377551020408163,-0.33333333333333337,-1.0,0.08960700757575757,0.0738461538461539,-0.4369888475836431,0.3214285714285714,0.38124999999999964,-0.4264705882352944,0.01785714285714257,-0.3500000000000002,0.1750000000000007,-0.6666666666666672,-0.0892857142857143,0.6354166666666667,0.625000000569182,0.625000000569182,0.6250000013280939,0.6249999969264153,0.6249999969264153,0.6250000071717008,0.6249973183446678,-0.7,4.440892098500626e-16,-0.137123745819398,0.14285714285714257
68,0.6875147916263258,-0.010869565217391353,0.024311183144246407,-0.1879194630872485,0.18309859154929575,-0.357142857142857,-0.33333333333333337,-1.0,0.06741240530303028,0.04092307692307684,-0.41533457249070627,0.33928571428571397,0.43437499999999973,-0.4044117647058828,-0.008928571428571508,-0.32499999999999984,0.21250000000000036,-0.6666666666666672,-0.09821428571428648,0.6406249999999998,0.6875000019921371,0.6875000019921371,0.6875000019921391,0.6875000015367931,0.6875000015367931,0.6875000035858507,0.687512067448995,-0.7,4.440892098500626e-16,-0.16387959866220747,0.14285714285714257
69,0.7499946212267905,-0.050724637681159424,-0.011345218800648316,-0.23042505592841167,0.15492957746478875,-0.33673469387755095,-0.33333333333333337,-1.0,0.04521780303030298,0.008000000000000007,-0.39368029739776955,0.357142857142857,0.4874999999999998,-0.38235294117647123,-0.035714285714286254,-0.2999999999999995,0.25,-0.6666666666666672,-0.10714285714285732,0.6458333333333344,0.7499999988616359,0.7499999988616359,0.7500000026561844,0.7500000061471674,0.7500000061471674,0.7500000000000004,0.7499839100680068,-0.6,4.440892098500626e-16,-0.1839464882943146,0.14285714285714257
70,0.8749973106133953,-0.12318840579710144,-0.08589951377633709,-0.3199105145413871,0.10985915492957732,-0.29591836734693844,-0.33333333333333337,-1.0,0.0008285984848483974,-0.05784615384615388,-0.3503717472118959,0.39285714285714257,0.59375,-0.3382352941176471,-0.0892857142857143,-0.24999999999999967,0.3249999999999993,-0.6666666666666672,-0.12500000000000044,0.6562500000000004,0.8750000017075461,0.8750000017075461,0.8749999986719093,0.8750000030735836,0.8750000030735836,0.8750000071717003,0.875013408276661,-0.6,4.440892098500626e-16,-0.23076923076923117,0.14285714285714257
71,0.9375201703995353,-0.1630434782608695,-0.12155591572123181,-0.36241610738255026,0.08169014084507009,-0.2755102040816324,-0.33333333333333337,-1.0,-0.021366003787878785,-0.09076923076923082,-0.3287174721189591,0.4107142857142858,0.6468749999999996,-0.3161764705882356,-0.11607142857142894,-0.2250000000000002,0.3625000000000007,-0.6666666666666672,-0.1339285714285714,0.6614583333333335,0.9374999985770422,0.9374999985770422,0.9374999993359547,0.9374999953896221,0.9374999953896221,0.9375000035858501,0.9374852508956728,-0.6,4.440892098500626e-16,-0.2575250836120405,0.14285714285714257
72,1.0,-0.19927536231884058,-0.15721231766612642,-0.4071588366890381,0.05915492957746471,-0.25510204081632637,-0.33333333333333337,-1.0,-0.04356060606060608,-0.12369230769230766,-0.30706319702602225,0.42857142857142816,0.6999999999999997,-0.29411764705882404,-0.1428571428571429,-0.19999999999999984,0.40000000000000036,-0.6666666666666672,-0.14285714285714357,0.6666666666666665,1.0,1.0,1.0,1.0,1.0,1.0,1.0,-0.6,4.440892098500626e-16,-0.2775919732441472,0.14285714285714257
73,0.9083026743260396,-0.19202898550724634,-0.17341977309562395,-0.3937360178970918,0.11549295774647872,-0.18367346938775497,-0.33333333333333337,-1.0,-0.004971590909090939,-0.1089230769230769,-0.31124535315985125,0.4107142857142858,0.6812499999999999,-0.3161764705882356,-0.07142857142857184,-0.12500000000000056,0.40000000000000036,-0.6875,-0.14285714285714357,0.6354166666666667,0.9083026743260378,0.9083026743260378,0.9083026743260405,0.908302674326039,0.908302674326039,0.9083026743260412,0.9074936176603094,-0.6,4.440892098500626e-16,-0.25083612040133774,0.14285714285714257
74,0.8624755265818973,-0.19202898550724634,-0.17990275526742305,-0.38926174496644295,0.14929577464788735,-0.15306122448979576,-0.33333333333333337,-1.0,0.01432291666666674,-0.10153846153846158,-0.3133364312267658,0.4017857142857142,0.671875,-0.3272058823529419,-0.035714285714286254,-0.08749999999999902,0.40000000000000036,-0.6979166666666669,-0.14285714285714357,0.6197916666666676,0.8624540114890595,0.8624540114890595,0.8624540114890606,0.8624540114890602,0.8624540114890602,0.862454011489062,0.8612833329757792,-0.6,4.440892098500626e-16,-0.24414715719063562,0.14285714285714257
75,0.8166053486520795,-0.18840579710144922,-0.18638573743922204,-0.3825503355704697,0.17746478873239435,-0.12244897959183654,-0.33333333333333337,-1.0,0.03361742424242431,-0.09415384615384614,-0.31542750929368035,0.39285714285714257,0.6624999999999996,-0.3382352941176471,0.0,-0.04999999999999938,0.40000000000000036,-0.7083333333333337,-0.14285714285714357,0.604166666666667,0.8166053486520783,0.8166053486520783,0.8166053486520808,0.8166053486520779,0.8166053486520779,0.8166053486520826,0.815030141805934,-0.5,4.440892098500626e-16,-0.23076923076923117,0.14285714285714257
76,0.7249080229781191,-0.1811594202898551,-0.20259319286871957,-0.3691275167785235,0.23380281690140836,-0.05102040816326514,-0.33333333333333337,-1.0,0.07220643939393945,-0.07938461538461539,-0.31960966542750935,0.3750000000000002,0.6437499999999998,-0.36029411764705865,0.07142857142857117,0.02499999999999991,0.40000000000000036,-0.7291666666666673,-0.14285714285714357,0.5729166666666674,0.7249080229781188,0.7249080229781188,0.7249080229781213,0.7249080229781169,0.7249080229781169,0.7249080229781197,0.7225237594662433,-0.5,4.440892098500626e-16,-0.20401337792642182,0.14285714285714257
77,0.6790808752339765,-0.1811594202898551,-0.20907617504051867,-0.36241610738255026,0.267605633802817,-0.020408163265305923,-0.33333333333333337,-1.0,0.09150094696969702,-0.07199999999999995,-0.3217007434944238,0.3660714285714286,0.6343749999999999,-0.37132352941176494,0.10714285714285676,0.062499999999999556,0.40000000000000036,-0.7395833333333334,-0.14285714285714357,0.5572916666666667,0.6790593601411379,0.6790593601411379,0.6790593601411414,0.6790593601411381,0.6790593601411381,0.6790593601411403,0.6762705682963981,-0.5,4.440892098500626e-16,-0.1973244147157196,0.14285714285714257
78,0.6332106973041589,-0.17753623188405798,-0.21555915721231766,-0.35570469798657733,0.295774647887324,0.020408163265306145,0.33333333333333326,-0.4999999999999978,0.11079545454545459,-0.06461538461538463,-0.32379182156133834,0.357142857142857,0.625,-0.38235294117647123,0.14285714285714235,0.10000000000000098,0.40000000000000036,-0.7500000000000002,-0.14285714285714357,0.5416666666666676,0.6332106973041594,0.6332106973041594,0.6332106973041587,0.6332106973041594,0.6332106973041594,0.6332106973041609,0.6300602836118678,-0.5,4.440892098500626e-16,-0.1839464882943146,0.42857142857142816
79,0.5415133716301985,-0.17028985507246375,-0.2317666126418152,-0.34451901565995524,0.352112676056338,0.0816326530612248,0.33333333333333326,-0.4999999999999978,0.14938446969696972,-0.04984615384615387,-0.32797397769516734,0.33928571428571397,0.6062499999999997,-0.4044117647058828,0.2142857142857142,0.17500000000000027,0.40000000000000036,-0.7708333333333338,-0.14285714285714357,0.5104166666666665,0.5415133716301972,0.5415133716301972,0.5415133716301992,0.5415133716301985,0.5415133716301985,0.5415133716301981,0.5375539012721773,-0.5,4.440892098500626e-16,-0.15719063545150525,0.42857142857142816
80,0.495686223886056,-0.17028985507246375,-0.2382495948136143,-0.3378076062639822,0.380281690140845,0.12244897959183731,0.33333333333333326,-0.4999999999999978,0.1686789772727273,-0.04246153846153844,-0.3300650557620818,0.330357142857143,0.5968749999999998,-0.4154411764705881,0.24999999999999978,0.2124999999999999,0.40000000000000036,-0.7812500000000007,-0.14285714285714357,0.4947916666666674,0.4956647087932189,0.4956647087932189,0.49566470879321933,0.4956647087932162,0.4956647087932162,0.49566470879321867,0.4913007101023319,-0.5,4.440892098500626e-16,-0.1438127090301008,0.42857142857142816
81,0.44981604595623836,-0.16666666666666663,-0.24473257698541329,-0.33109619686800895,0.4140845070422532,0.1530612244897962,0.33333333333333326,-0.4999999999999978,0.18797348484848486,-0.03507692307692312,-0.33215613382899634,0.3214285714285714,0.5874999999999999,-0.4264705882352944,0.28571428571428537,0.24999999999999956,0.40000000000000036,-0.7916666666666667,-0.14285714285714357,0.47916666666666674,0.4498160459562377,0.4498160459562377,0.4498160459562395,0.4498160459562375,0.4498160459562375,0.44981604595623925,0.44504751893248673,-0.4,4.440892098500626e-16,-0.137123745819398,0.42857142857142816
82,0.358118720282278,-0.1594202898550725,-0.2609400324149108,-0.3199105145413871,0.4704225352112672,0.22448979591836782,0.33333333333333326,-0.4999999999999978,0.2265625,-0.02030769230769236,-0.33633828996282533,0.3035714285714284,0.5687499999999996,-0.44852941176470595,0.357142857142857,0.32500000000000084,0.40000000000000036,-0.8125000000000003,-0.14285714285714357,0.44791666666666696,0.3581187202822784,0.3581187202822784,0.35811872028228,0.3581187202822764,0.3581187202822764,0.3581187202822784,0.3525840430781113,-0.4,4.440892098500626e-16,-0.11036789297658867,0.42857142857142816
83,0.31229157253813544,-0.1594202898550725,-0.2674230145867099,-0.31319910514541416,0.4985915492957744,0.2551020408163267,0.33333333333333326,-0.4999999999999978,0.24585700757575757,-0.012923076923076926,-0.3384293680297398,0.29464285714285676,0.5593749999999997,-0.45955882352941224,0.39285714285714257,0.3625000000000005,0.40000000000000036,-0.8229166666666672,-0.14285714285714357,0.4322916666666665,0.31227005744529723,0.31227005744529723,0.3122700574453001,0.3122700574452977,0.3122700574452977,0.312270057445299,0.3063308519082659,-0.4,4.440892098500626e-16,-0.09698996655518421,0.42857142857142816
84,0.2664213946083178,-0.1557971014492754,-0.2739059967585089,-0.3064876957494407,0.5323943661971828,0.29591836734693877,0.33333333333333326,-0.4999999999999978,0.26515151515151514,-0.005538461538461492,-0.34052044609665433,0.2857142857142858,0.5499999999999998,-0.47058823529411753,0.42857142857142816,0.40000000000000013,0.40000000000000036,-0.8333333333333339,-0.14285714285714357,0.4166666666666674,0.26642139460831626,0.26642139460831626,0.2664213946083205,0.2664213946083154,0.2664213946083154,0.2664213946083176,0.26007766073842054,-0.4,4.440892098500626e-16,-0.08361204013377921,0.42857142857142816
85,0.17472406893435743,-0.14855072463768115,-0.29011345218800644,-0.2930648769574943,0.5887323943661968,0.35714285714285743,0.33333333333333326,-0.4999999999999978,0.3037405303030303,0.009230769230769154,-0.3447026022304833,0.2678571428571428,0.53125,-0.4926470588235301,0.49999999999999933,0.4750000000000012,0.40000000000000036,-0.8541666666666669,-0.14285714285714357,0.38541666666666763,0.17472406893435677,0.17472406893435677,0.17472406893435766,0.17472406893435788,0.17472406893435788,0.174724068934359,0.16757127839872998,-0.4,4.440892098500626e-16,-0.06354515050167264,0.42857142857142816
86,0.1288969211902149,-0.14855072463768115,-0.29659643435980554,-0.28859060402684555,0.6169014084507041,0.3979591836734695,0.33333333333333326,-0.4999999999999978,0.32303503787878785,0.0166153846153847,-0.34679368029739777,0.2589285714285712,0.5218749999999996,-0.5036764705882353,0.5357142857142856,0.5125000000000008,0.40000000000000036,-0.8645833333333337,-0.14285714285714357,0.36979166666666696,0.12887540609737824,0.12887540609737824,0.12887540609737802,0.12887540609737558,0.12887540609737558,0.12887540609737758,0.12136099371419995,-0.4,4.440892098500626e-16,-0.050167224080267636,0.42857142857142816
87,0.08302674326039727,-0.14492753623188404,-0.3063209076175041,-0.28187919463087263,0.6450704225352111,0.42857142857142905,0.33333333333333326,-0.4999999999999978,0.3423295454545454,0.02400000000000002,-0.3488847583643123,0.24999999999999978,0.5124999999999997,-0.5147058823529416,0.5714285714285705,0.5500000000000005,0.40000000000000036,-0.8750000000000004,-0.14285714285714357,0.3541666666666665,0.08302674326039727,0.08302674326039727,0.08302674326039816,0.08302674326039683,0.08302674326039683,0.08302674326039816,0.07510780254435456,-0.30000000000000004,4.440892098500626e-16,-0.036789297658863296,0.42857142857142816
88,-0.00867058241356311,-0.1376811594202898,-0.31928687196110206,-0.26845637583892623,0.7070422535211267,0.5,0.33333333333333326,-0.4999999999999978,0.38091856060606055,0.03876923076923067,-0.3530669144981413,0.2321428571428572,0.4937499999999999,-0.5367647058823533,0.642857142857143,0.6249999999999998,0.40000000000000036,-0.8958333333333334,-0.14285714285714357,0.32291666666666674,-0.008670582413562222,-0.008670582413562222,-0.008670582413561334,-0.00867058241356422,-0.00867058241356422,-0.008670582413562666,-0.0173985797953361,-0.30000000000000004,4.440892098500626e-16,-0.016722408026756064,0.42857142857142816
89,-0.05449773015770565,-0.1376811594202898,-0.32576985413290116,-0.2617449664429532,0.7352112676056337,0.5306122448979598,0.33333333333333326,-0.4999999999999978,0.4002130681818181,0.04615384615384621,-0.35515799256505576,0.2232142857142856,0.484375,-0.5477941176470595,0.6785714285714279,0.6625000000000012,0.40000000000000036,-0.9062500000000002,-0.14285714285714357,0.30729166666666763,-0.0545192452505433,-0.0545192452505433,-0.05451924525054119,-0.05451924525054297,-0.05451924525054297,-0.05451924525054208,-0.06365177096518138,-0.30000000000000004,4.440892098500626e-16,-0.0033444816053517235,0.42857142857142816
90,-0.10036790808752338,-0.1340579710144928,-0.3354943273905997,-0.2550335570469797,0.7633802816901407,0.5612244897959187,1.0,0.0,0.4195075757575757,0.053538461538461535,-0.3572490706319703,0.2142857142857142,0.47499999999999964,-0.5588235294117647,0.7142857142857142,0.7000000000000008,0.40000000000000036,-0.916666666666667,-0.14285714285714357,0.29166666666666696,-0.10036790808752438,-0.10036790808752438,-0.10036790808752094,-0.10036790808752527,-0.10036790808752527,-0.1003679080875235,-0.10986205564971141,-0.30000000000000004,4.440892098500626e-16,0.010033444816053283,0.714285714285714
91,-0.19206523376148366,-0.12681159420289856,-0.3484602917341977,-0.24384787472035807,0.8253521126760559,0.6326530612244903,1.0,0.0,0.45809659090909083,0.0683076923076924,-0.3614312267657993,0.19642857142857162,0.4562499999999998,-0.5808823529411763,0.7857142857142854,0.7750000000000004,0.40000000000000036,-0.9375000000000006,-0.14285714285714357,0.2604166666666674,-0.19206523376148388,-0.19206523376148388,-0.19206523376148366,-0.1920652337614862,-0.1920652337614862,-0.19206523376148432,-0.20236843798940207,-0.30000000000000004,4.440892098500626e-16,0.030100334448160515,0.714285714285714
92,-0.2378923815056262,-0.12681159420289856,-0.3581847649918962,-0.2371364653243847,0.8535211267605629,0.6632653061224492,1.0,0.0,0.4773910984848484,0.07569230769230773,-0.36352230483271375,0.1875,0.4468749999999999,-0.5919117647058826,0.8214285714285714,0.8125,0.40000000000000036,-0.9479166666666666,-0.14285714285714357,0.24479166666666674,-0.23791389659846496,-0.23791389659846496,-0.2379138965984634,-0.23791389659846496,-0.23791389659846496,-0.23791389659846374,-0.24862162915924746,-0.30000000000000004,4.440892098500626e-16,0.043478260869564966,0.714285714285714
93,-0.28376255943544393,-0.12318840579710144,-0.3646677471636953,-0.23042505592841167,0.8816901408450699,0.7040816326530612,1.0,0.0,0.49668560606060597,0.08307692307692305,-0.3656133828996283,0.1785714285714286,0.4375,-0.602941176470589,0.8571428571428563,0.8500000000000014,0.40000000000000036,-0.9583333333333335,-0.14285714285714357,0.22916666666666763,-0.2837625594354434,-0.2837625594354434,-0.28376255943544315,-0.2837625594354437,-0.2837625594354437,-0.28376255943544304,-0.29487482032909273,-0.19999999999999996,4.440892098500626e-16,0.05685618729096986,0.714285714285714
94,-0.3754598851094042,-0.1159420289855072,-0.3776337115072933,-0.21923937360178958,0.943661971830986,0.7653061224489799,1.0,0.0,0.5352746212121211,0.09784615384615392,-0.3697955390334573,0.16071428571428537,0.41874999999999973,-0.6250000000000004,0.9285714285714275,0.9250000000000007,0.40000000000000036,-0.9791666666666671,-0.14285714285714357,0.19791666666666652,-0.37545988510940553,-0.37545988510940553,-0.37545988510940276,-0.37545988510940476,-0.37545988510940476,-0.37545988510940387,-0.38733829618346816,-0.19999999999999996,4.440892098500626e-16,0.07692307692307643,0.714285714285714
95,-0.42128703285354674,-0.1159420289855072,-0.38735818476499184,-0.21252796420581654,0.971830985915493,0.806122448979592,1.0,0.0,0.5545691287878789,0.10523076923076924,-0.37188661710037174,0.1517857142857144,0.4093749999999998,-0.6360294117647057,0.9642857142857137,0.9625000000000004,0.40000000000000036,-0.9895833333333339,-0.14285714285714357,0.1822916666666674,-0.42130854794638395,-0.42130854794638395,-0.4213085479463825,-0.42130854794638706,-0.42130854794638706,-0.4213085479463853,-0.43359148735331343,-0.19999999999999996,4.440892098500626e-16,0.09030100334448155,0.714285714285714
96,-0.4671572107833646,-0.1123188405797102,-0.39384116693679094,-0.2058165548098435,1.0,0.8367346938775515,1.0,0.0,0.5738636363636365,0.11261538461538456,-0.3739776951672863,0.14285714285714302,0.3999999999999999,-0.647058823529412,1.0,1.0,0.40000000000000036,-1.0,-0.14285714285714357,0.16666666666666674,-0.46715721078336503,-0.46715721078336503,-0.46715721078336225,-0.4671572107833658,-0.4671572107833658,-0.4671572107833647,-0.4798446785231588,-0.19999999999999996,4.440892098500626e-16,0.10367892976588577,0.714285714285714
97,-0.4598420792185718,-0.1557971014492754,-0.413290113452188,-0.2550335570469797,0.943661971830986,0.806122448979592,1.0,0.0,0.5079308712121211,0.049153846153846104,-0.39219330855018586,0.07142857142857117,0.3937499999999998,-0.5441176470588234,0.8749999999999996,0.9250000000000007,0.3249999999999993,-0.8750000000000004,-0.19642857142857162,0.09374999999999978,-0.4598555255824123,-0.4598555255824123,-0.459855524823502,-0.4598555292251796,-0.4598555292251796,-0.4598555189798975,-0.47289382790208745,-0.19999999999999996,4.440892098500626e-16,0.1571906354515047,0.714285714285714
98,-0.4561845134361755,-0.17753623188405798,-0.42301458670988656,-0.2796420581655482,0.9154929577464788,0.7857142857142863,1.0,0.0,0.47496448863636354,0.017423076923076986,-0.4013011152416357,0.03571428571428559,0.390625,-0.4926470588235301,0.8124999999999993,0.8875000000000011,0.28749999999999964,-0.8125000000000003,-0.2232142857142857,0.057291666666667185,-0.45620468525866675,-0.45620468525866675,-0.4562046844997547,-0.4562046884460883,-0.4562046884460883,-0.45620468024986194,-0.46941840259155176,-0.19999999999999996,4.440892098500626e-16,0.19063545150501615,0.714285714285714
99,-0.4525699778394544,-0.19927536231884058,-0.4327390599675851,-0.3042505592841164,0.8873239436619718,0.7653061224489799,1.0,0.0,0.44199810606060597,-0.014307692307692355,-0.41040892193308554,0.0,0.38749999999999973,-0.4411764705882357,0.7499999999999991,0.8500000000000014,0.25,-0.7500000000000002,-0.24999999999999967,0.02083333333333437,-0.4525538403814623,-0.4525538403814623,-0.45255383886364164,-0.4525538353726577,-0.4525538353726577,-0.45255384151982636,-0.4659429772810161,-0.19999999999999996,4.440892098500626e-16,0.2173913043478255,0.714285714285714
100,-0.4452548462746617,-0.24637681159420288,-0.44894651539708263,-0.35570469798657733,0.8309859154929577,0.734693877551021,0.33333333333333326,0.0,0.37606534090909083,-0.07776923076923081,-0.4286245353159851,-0.07142857142857117,0.38124999999999964,-0.3382352941176471,0.6249999999999998,0.7750000000000004,0.1750000000000007,-0.6250000000000007,-0.30357142857142905,-0.05208333333333259,-0.44525215518050953,-0.44525215518050953,-0.44525215821614705,-0.44525215381447514,-0.44525215381447514,-0.4452521497163592,-0.45894922017462936,-0.19999999999999996,4.440892098500626e-16,0.2709030100334444,0.714285714285714
101,-0.4415972804922653,-0.2681159420289855,-0.4586709886547812,-0.3803131991051454,0.8028169014084507,0.7142857142857146,0.33333333333333326,0.0,0.34309895833333326,-0.10950000000000004,-0.43773234200743494,-0.10714285714285732,0.3781249999999998,-0.2867647058823528,0.5624999999999996,0.7375000000000005,0.1374999999999993,-0.5625000000000004,-0.330357142857143,-0.08854166666666685,-0.441601314856764,-0.441601314856764,-0.4416013125800341,-0.4416013130353803,-0.4416013130353803,-0.4416013109863235,-0.4554737948640937,-0.19999999999999996,4.440892098500626e-16,0.29765886287625376,0.714285714285714
102,-0.4379397147098689,-0.28985507246376807,-0.4683954619124797,-0.40492170022371365,0.7746478873239437,0.693877551020408,0.33333333333333326,0.0,0.3101325757575757,-0.14123076923076927,-0.4468401486988848,-0.1428571428571429,0.375,-0.23529411764705954,0.49999999999999933,0.7000000000000008,0.09999999999999964,-0.5000000000000004,-0.3571428571428571,-0.12499999999999956,-0.43795046997955955,-0.43795046997955955,-0.4379504722562868,-0.437950472256289,-0.437950472256289,-0.4379504722562879,-0.451998369553558,-0.19999999999999996,4.440892098500626e-16,0.33110367892976544,0.714285714285714
103,-0.43066761333075154,-0.33333333333333337,-0.4878444084278768,-0.4541387024608501,0.7183098591549295,0.6632653061224492,0.33333333333333326,0.0,0.24419981060606055,-0.20469230769230773,-0.46505576208178434,-0.21428571428571408,0.3687499999999999,-0.1323529411764709,0.37499999999999956,0.6249999999999998,0.025000000000000355,-0.3750000000000001,-0.41071428571428636,-0.19791666666666652,-0.43064878933206585,-0.43064878933206585,-0.43064878629642644,-0.4306487906981029,-0.4306487906981029,-0.43064878045282073,-0.4450475189324866,-0.19999999999999996,4.440892098500626e-16,0.38461538461538414,0.714285714285714
104,-0.42701004754835514,-0.35507246376811596,-0.49756888168557534,-0.47874720357941836,0.6901408450704225,0.6428571428571428,0.33333333333333326,0.0,0.21123342803030298,-0.23642307692307696,-0.4741635687732342,-0.24999999999999967,0.36562499999999964,-0.08088235294117652,0.3125,0.5875000000000001,-0.01249999999999929,-0.31250000000000067,-0.43750000000000044,-0.23437499999999922,-0.4269979444548614,-0.4269979444548614,-0.42699794597267915,-0.42699794991901163,-0.42699794991901163,-0.42699794172278516,-0.44157209362195093,-0.19999999999999996,4.440892098500626e-16,0.4113712374581935,0.714285714285714
105,-0.42335248176595885,-0.37681159420289856,-0.5072933549432739,-0.5033557046979865,0.6619718309859155,0.6224489795918371,0.33333333333333326,0.0,0.17826704545454541,-0.2681538461538462,-0.483271375464684,-0.2857142857142859,0.3624999999999998,-0.02941176470588225,0.24999999999999978,0.5500000000000005,-0.05000000000000071,-0.25000000000000056,-0.4642857142857144,-0.2708333333333335,-0.4233471041311132,-0.4233471041311132,-0.4233471003365631,-0.4233470968455809,-0.4233470968455809,-0.4233471029927496,-0.43809666831141525,-0.19999999999999996,4.440892098500626e-16,0.43812709030100283,0.714285714285714
106,-0.41603735020116617,-0.42028985507246375,-0.526742301458671,-0.5525727069351232,0.6056338028169015,0.5918367346938775,0.33333333333333326,0.0,0.11233428030303028,-0.33161538461538465,-0.5014869888475837,-0.3571428571428571,0.35624999999999973,0.0735294117647054,0.12499999999999978,0.4750000000000012,-0.125,-0.12500000000000022,-0.5178571428571425,-0.3437499999999989,-0.4160454189301631,-0.4160454189301631,-0.4160454196890716,-0.41604541528739836,-0.41604541528739836,-0.4160454111892824,-0.4311458176903439,-0.19999999999999996,4.440892098500626e-16,0.49832775919732386,0.714285714285714
107,-0.41237978441876977,-0.44202898550724634,-0.5364667747163696,-0.5771812080536912,0.5774647887323943,0.5714285714285718,0.33333333333333326,0.0,0.07936789772727271,-0.3633461538461539,-0.5105947955390335,-0.3928571428571427,0.3531249999999999,0.12499999999999978,0.062499999999999556,0.4374999999999998,-0.16249999999999964,-0.06250000000000011,-0.5446428571428578,-0.38020833333333315,-0.41239457405295865,-0.41239457405295865,-0.41239457405295543,-0.4123945745083035,-0.4123945745083035,-0.4123945724592467,-0.4276703923798082,-0.19999999999999996,4.440892098500626e-16,0.5250836120401332,0.714285714285714
108,-0.40872221863637337,-0.46376811594202894,-0.5429497568881685,-0.6017897091722595,0.5549295774647884,0.5510204081632655,0.33333333333333326,0.4999999999999978,0.04640151515151514,-0.3950769230769231,-0.5197026022304833,-0.42857142857142816,0.34999999999999964,0.17647058823529393,0.0,0.40000000000000013,-0.1999999999999993,-7.771561172376096e-16,-0.5714285714285718,-0.41666666666666585,-0.40874373372921047,-0.40874373372921047,-0.40874373372921124,-0.40874373372921224,-0.40874373372921224,-0.40874373372921113,-0.42415206058395727,-0.09999999999999998,4.440892098500626e-16,0.5518394648829426,1.0
109,-0.401450117257256,-0.5108695652173914,-0.5623987034035656,-0.6532438478747205,0.4985915492957744,0.5204081632653066,-0.33333333333333337,0.4999999999999978,-0.01953125,-0.45853846153846156,-0.5379182156133828,-0.5,0.34375,0.2794117647058816,-0.12500000000000044,0.32500000000000084,-0.27500000000000036,0.12499999999999956,-0.6249999999999998,-0.4895833333333328,-0.4014420485282604,-0.4014420485282604,-0.4014420477693479,-0.40144205217102613,-0.40144205217102613,-0.40144204192574395,-0.4172012099628859,-0.09999999999999998,4.440892098500626e-16,0.6053511705685615,1.0
110,-0.3977925514748596,-0.5326086956521738,-0.5721231766612642,-0.6778523489932886,0.4704225352112672,0.5,-0.33333333333333337,0.4999999999999978,-0.05249763257575757,-0.4902692307692308,-0.5470260223048327,-0.5357142857142856,0.34062499999999973,0.33088235294117596,-0.1875000000000001,0.2875000000000012,-0.3125,0.18749999999999978,-0.6517857142857139,-0.5260416666666656,-0.3977912082045123,-0.3977912082045123,-0.3977912074456037,-0.39779121139193485,-0.39779121139193485,-0.3977912031957084,-0.4137257846523502,-0.09999999999999998,4.440892098500626e-16,0.6387959866220729,1.0
111,-0.3941349856924633,-0.5543478260869565,-0.5818476499189627,-0.7024608501118568,0.4422535211267602,0.4795918367346943,-0.33333333333333337,0.4999999999999978,-0.08546401515151514,-0.522,-0.5561338289962825,-0.5714285714285712,0.3374999999999999,0.38235294117647034,-0.25000000000000033,0.24999999999999956,-0.34999999999999964,0.24999999999999978,-0.6785714285714292,-0.5624999999999998,-0.39414036332730773,-0.39414036332730773,-0.3941403618094875,-0.39414035831850425,-0.39414035831850425,-0.3941403644656728,-0.41025035934181453,-0.09999999999999998,4.440892098500626e-16,0.6655518394648829,1.0
112,-0.3868198541276706,-0.5978260869565217,-0.6012965964343597,-0.7516778523489933,0.3859154929577462,0.44897959183673475,-0.33333333333333337,0.4999999999999978,-0.15139678030303028,-0.5854615384615385,-0.5743494423791822,-0.642857142857143,0.3312499999999998,0.4852941176470589,-0.3750000000000001,0.17500000000000027,-0.4250000000000007,0.375,-0.7321428571428572,-0.6354166666666667,-0.38683867812635775,-0.38683867812635775,-0.38683868116199605,-0.3868386767603217,-0.3868386767603217,-0.3868386726622056,-0.40329950872074316,-0.09999999999999998,4.440892098500626e-16,0.7190635451505016,1.0
113,-0.3832053185309494,-0.6195652173913043,-0.6110210696920584,-0.7762863534675616,0.3577464788732392,0.42857142857142905,-0.33333333333333337,0.4999999999999978,-0.18436316287878785,-0.6171923076923077,-0.583457249070632,-0.6785714285714286,0.328125,0.5367647058823521,-0.43750000000000044,0.13750000000000062,-0.46250000000000036,0.43749999999999956,-0.7589285714285712,-0.6718749999999994,-0.38318783780260957,-0.38318783780260957,-0.38318783552588,-0.38318783598122674,-0.38318783598122674,-0.38318783393216993,-0.3998240834102075,-0.09999999999999998,4.440892098500626e-16,0.7458193979933105,1.0
114,-0.3795477527485531,-0.6413043478260869,-0.6207455429497568,-0.8008948545861296,0.3295774647887322,0.4081632653061227,-0.33333333333333337,0.4999999999999978,-0.21732954545454541,-0.6489230769230769,-0.5925650557620818,-0.7142857142857141,0.32499999999999973,0.5882352941176465,-0.5,0.10000000000000098,-0.5,0.4999999999999989,-0.7857142857142853,-0.7083333333333321,-0.379536992925405,-0.379536992925405,-0.3795369952021327,-0.37953699520213546,-0.37953699520213546,-0.37953699520213435,-0.3963486580996718,-0.09999999999999998,4.440892098500626e-16,0.7792642140468227,1.0
115,-0.37223262118376044,-0.6847826086956521,-0.6401944894651539,-0.8501118568232663,0.27323943661971795,0.3775510204081638,-0.33333333333333337,0.4999999999999978,-0.28326231060606055,-0.7123846153846154,-0.6107806691449814,-0.7857142857142853,0.31874999999999964,0.6911764705882351,-0.6249999999999998,0.02499999999999991,-0.5749999999999993,0.6249999999999991,-0.8392857142857146,-0.7812499999999991,-0.3722353122779114,-0.3722353122779114,-0.3722353092422723,-0.37223531364394935,-0.37223531364394935,-0.37223530339866717,-0.3893978074786004,-0.09999999999999998,4.440892098500626e-16,0.8327759197324416,1.0
116,-0.36857505540136404,-0.7101449275362319,-0.646677471636953,-0.8769574944071589,0.24507042253521094,0.35714285714285743,-1.0,0.4999999999999978,-0.31622869318181823,-0.7441153846153846,-0.6198884758364313,-0.8214285714285715,0.3156249999999998,0.7426470588235294,-0.6875,-0.012499999999999734,-0.6125000000000007,0.6875,-0.8660714285714286,-0.8177083333333334,-0.36858446740070683,-0.36858446740070683,-0.36858446891852503,-0.36858447286485807,-0.36858447286485807,-0.3685844646686316,-0.3858794756827495,-0.09999999999999998,4.440892098500626e-16,0.8595317725752503,1.0
117,-0.36491748961896775,-0.7318840579710144,-0.6564019448946515,-0.901565995525727,0.21690140845070394,0.33673469387755084,-1.0,0.4999999999999978,-0.3491950757575758,-0.7758461538461539,-0.628996282527881,-0.857142857142857,0.3125,0.7941176470588227,-0.7500000000000003,-0.04999999999999938,-0.6500000000000004,0.7499999999999996,-0.8928571428571426,-0.8541666666666661,-0.3649336270769613,-0.3649336270769613,-0.36493362328241197,-0.36493361979142747,-0.36493361979142747,-0.364933625938596,-0.3824040503722138,-0.09999999999999998,4.440892098500626e-16,0.8862876254180603,1.0
118,-0.35764538823985026,-0.7753623188405797,-0.6758508914100486,-0.9507829977628633,0.16056338028168993,0.30612244897959195,-1.0,0.4999999999999978,-0.41512784090909094,-0.8393076923076923,-0.6472118959107807,-0.9285714285714282,0.3062499999999999,0.8970588235294115,-0.8750000000000001,-0.12500000000000056,-0.7249999999999996,0.8749999999999998,-0.946428571428572,-0.927083333333333,-0.35763194187600866,-0.35763194187600866,-0.3576319426349175,-0.3576319382332449,-0.3576319382332449,-0.35763193413512884,-0.37545319975114233,-0.09999999999999998,4.440892098500626e-16,0.9464882943143813,1.0
119,-0.35398782245745386,-0.7971014492753623,-0.6855753646677472,-0.9753914988814317,0.1323943661971827,0.2857142857142856,-1.0,0.4999999999999978,-0.4480942234848485,-0.8710384615384615,-0.6563197026022305,-0.9642857142857137,0.30312499999999964,0.9485294117647056,-0.9374999999999998,-0.1625000000000002,-0.7624999999999993,0.9374999999999991,-0.973214285714286,-0.9635416666666657,-0.3539810969988041,-0.3539810969988041,-0.3539810969988044,-0.3539810974541501,-0.3539810974541501,-0.35398109540509315,-0.37197777444060665,-0.09999999999999998,4.440892098500626e-16,0.97324414715719,1.0
120,-0.35033025667505757,-0.8188405797101449,-0.6952998379254457,-1.0,0.1042253521126757,0.2653061224489799,-1.0,0.4999999999999978,-0.4810606060606061,-0.9027692307692308,-0.6654275092936803,-1.0,0.2999999999999998,1.0,-1.0,-0.19999999999999984,-0.8000000000000007,1.0,-1.0,-1.0,-0.35033025667505857,-0.35033025667505857,-0.35033025667505713,-0.3503302566750588,-0.3503302566750588,-0.35033025667505757,-0.36850234913007096,-0.09999999999999998,4.440892098500626e-16,1.0,1.0
121,-0.3604853804944168,-0.8152173913043479,-0.6952998379254457,-0.9642058165548099,0.05352112676056309,0.18367346938775508,-1.0,0.4999999999999978,-0.49408143939393945,-0.8936153846153846,-0.6052044609665428,-0.9107142857142857,0.3062499999999999,0.9117647058823528,-0.8928571428571426,-0.18750000000000056,-0.6875,0.9166666666666654,-1.0,-0.8958333333333334,-0.36050689558725524,-0.36050689558725524,-0.36050689558725413,-0.3605068955872549,-0.3605068955872549,-0.36050689558725413,-0.37935768991483065,-0.09999999999999998,4.440892098500626e-16,0.8729096989966547,1.0
122,-0.3656059725897717,-0.8152173913043479,-0.6952998379254457,-0.9440715883668904,0.030985915492957483,0.14285714285714302,-1.0,0.4999999999999978,-0.5005918560606061,-0.8890384615384616,-0.575092936802974,-0.8660714285714286,0.30937499999999973,0.8676470588235285,-0.8392857142857146,-0.18124999999999913,-0.6312499999999996,0.8749999999999998,-1.0,-0.84375,-0.365595212766624,-0.365595212766624,-0.36559521504335113,-0.3655952150433548,-0.3655952150433548,-0.36559521504335335,-0.384806813549868,-0.09999999999999998,4.440892098500626e-16,0.8127090301003337,1.0
123,-0.37068353449945135,-0.8115942028985508,-0.6952998379254457,-0.9261744966442953,0.008450704225352101,0.11224489795918391,-1.0,0.4999999999999978,-0.5071022727272727,-0.8844615384615384,-0.5449814126394052,-0.8214285714285715,0.3125,0.8235294117647054,-0.7857142857142859,-0.1749999999999995,-0.5749999999999993,0.8333333333333324,-1.0,-0.7916666666666667,-0.3706835344994518,-0.3706835344994518,-0.37068353449945124,-0.37068353449945113,-0.37068353449945113,-0.3706835344994506,-0.3902559371849055,0.0,4.440892098500626e-16,0.7525083612040127,1.0
124,-0.3808386583188107,-0.8079710144927537,-0.6920583468395463,-0.8903803131991052,-0.04225352112676062,0.03061224489795955,-1.0,0.4999999999999978,-0.5201231060606061,-0.8753076923076923,-0.4847583643122677,-0.7321428571428572,0.31874999999999964,0.7352941176470582,-0.6785714285714286,-0.1625000000000002,-0.46250000000000036,0.7499999999999996,-1.0,-0.6875,-0.38086017341164835,-0.38086017341164835,-0.38086017341164824,-0.3808601734116509,-0.3808601734116509,-0.3808601734116491,-0.40111127796966517,0.0,4.440892098500626e-16,0.6254180602006685,1.0
125,-0.38595925041416557,-0.8079710144927537,-0.6920583468395463,-0.8702460850111857,-0.06478873239436655,-0.010204081632653073,-1.0,0.4999999999999978,-0.5266335227272727,-0.8707307692307692,-0.45464684014869894,-0.6875,0.3218749999999999,0.6911764705882351,-0.6249999999999998,-0.15625000000000056,-0.40625,0.7083333333333321,-1.0,-0.6354166666666667,-0.3859484905910171,-0.3859484905910171,-0.38594849286774524,-0.38594849286774724,-0.38594849286774724,-0.38594849286774635,-0.4065604016047025,0.0,4.440892098500626e-16,0.5652173913043477,1.0
126,-0.39103681232384513,-0.8043478260869565,-0.6920583468395463,-0.8523489932885906,-0.08732394366197205,-0.05102040816326514,-1.0,0.4999999999999978,-0.5331439393939394,-0.8661538461538462,-0.42453531598513006,-0.642857142857143,0.32499999999999973,0.647058823529411,-0.5714285714285718,-0.14999999999999913,-0.34999999999999964,0.6666666666666665,-1.0,-0.5833333333333334,-0.3910368123238449,-0.3910368123238449,-0.39103681232384524,-0.3910368123238471,-0.3910368123238471,-0.3910368123238457,-0.41200952523974,0.0,4.440892098500626e-16,0.49832775919732386,1.0
127,-0.4011919361432045,-0.8043478260869565,-0.6920583468395463,-0.8165548098434003,-0.13802816901408466,-0.13265306122448972,-1.0,0.0,-0.5461647727272727,-0.857,-0.3643122676579925,-0.5535714285714286,0.3312499999999998,0.5588235294117647,-0.4642857142857144,-0.13749999999999984,-0.2375000000000007,0.5833333333333335,-1.0,-0.47916666666666674,-0.40121345123604146,-0.40121345123604146,-0.40121345123604235,-0.40121345123604335,-0.40121345123604335,-0.40121345123604213,-0.4228648660244996,0.0,4.440892098500626e-16,0.377926421404682,0.714285714285714
128,-0.40631252823855935,-0.8007246376811594,-0.6920583468395463,-0.7986577181208053,-0.16056338028169026,-0.1734693877551018,-1.0,0.0,-0.5526751893939394,-0.852423076923077,-0.33420074349442375,-0.5089285714285716,0.33437499999999964,0.5147058823529407,-0.4107142857142857,-0.1312500000000002,-0.18125000000000036,0.5416666666666661,-1.0,-0.42708333333333337,-0.4063017684154103,-0.4063017684154103,-0.40630177069213924,-0.40630177069214324,-0.40630177069214324,-0.40630177069214146,-0.42831398965953704,0.0,4.440892098500626e-16,0.31103678929765866,0.714285714285714
129,-0.411390090148239,-0.8007246376811594,-0.6920583468395463,-0.7785234899328859,-0.18309859154929575,-0.20408163265306112,-1.0,0.0,-0.5591856060606061,-0.8478461538461538,-0.304089219330855,-0.4642857142857144,0.3374999999999999,0.47058823529411753,-0.3571428571428571,-0.12500000000000056,-0.125,0.4999999999999989,-1.0,-0.3750000000000001,-0.41139009014823813,-0.41139009014823813,-0.41139009014823935,-0.41139009014823946,-0.41139009014823946,-0.4113900901482387,-0.4337631132945745,0.10000000000000009,4.440892098500626e-16,0.25083612040133785,0.714285714285714
130,-0.42154521396759825,-0.7971014492753623,-0.6920583468395463,-0.7427293064876956,-0.2338028169014088,-0.2857142857142856,-1.0,0.0,-0.5722064393939394,-0.8386923076923076,-0.24386617100371744,-0.3750000000000001,0.34375,0.38235294117647034,-0.25000000000000033,-0.11249999999999938,-0.01249999999999929,0.41666666666666585,-1.0,-0.2708333333333335,-0.4215667290604347,-0.4215667290604347,-0.42156672906043635,-0.4215667290604357,-0.4215667290604357,-0.42156672906043513,-0.4446184540793341,0.10000000000000009,4.440892098500626e-16,0.123745819397993,0.714285714285714
131,-0.4266658060629531,-0.7934782608695652,-0.6920583468395463,-0.7248322147651006,-0.2563380281690143,-0.32653061224489777,-1.0,0.0,-0.5787168560606061,-0.8341153846153846,-0.21375464684014867,-0.330357142857143,0.3468749999999998,0.3382352941176472,-0.19642857142857162,-0.10624999999999973,0.04374999999999929,0.375,-1.0,-0.2187500000000001,-0.4266550462398061,-0.4266550462398061,-0.42665504851653335,-0.4266550485165356,-0.4266550485165356,-0.42665504851653446,-0.45006757771437156,0.10000000000000009,4.440892098500626e-16,0.06354515050167198,0.714285714285714
132,-0.4317433679726328,-0.7934782608695652,-0.6888168557536467,-0.7046979865771812,-0.2788732394366199,-0.36734693877551017,-0.33333333333333337,0.0,-0.5852272727272727,-0.8295384615384616,-0.1836431226765799,-0.2857142857142859,0.34999999999999964,0.29411764705882293,-0.1428571428571429,-0.10000000000000009,0.09999999999999964,0.3333333333333328,-1.0,-0.16666666666666674,-0.4317433679726339,-0.4317433679726339,-0.43174336797263035,-0.43174336797263546,-0.43174336797263546,-0.4317433679726338,-0.4555167013494089,0.10000000000000009,4.440892098500626e-16,0.0033444816053511683,0.714285714285714
133,-0.44189849179199203,-0.7898550724637681,-0.6888168557536467,-0.6689038031319909,-0.3295774647887325,-0.4489795918367344,-0.33333333333333337,0.0,-0.5982481060606061,-0.8203846153846154,-0.12342007434944235,-0.19642857142857162,0.35624999999999973,0.20588235294117574,-0.035714285714286254,-0.08749999999999902,0.21250000000000036,0.24999999999999978,-1.0,-0.06250000000000011,-0.44192000688483046,-0.44192000688483046,-0.44192000688482735,-0.4419200068848317,-0.4419200068848317,-0.44192000688483024,-0.4663720421341686,0.10000000000000009,-1.0,-0.12374581939799367,0.714285714285714
134,-0.447019083887347,-0.7898550724637681,-0.6888168557536467,-0.6510067114093959,-0.352112676056338,-0.4897959183673469,-0.33333333333333337,0.0,-0.6047585227272727,-0.8158076923076923,-0.09330855018587358,-0.15178571428571452,0.359375,0.1617647058823526,0.01785714285714257,-0.08124999999999938,0.2687500000000007,0.2083333333333326,-1.0,-0.010416666666666852,-0.4470083240641992,-0.4470083240641992,-0.44700832634092735,-0.4470083263409279,-0.4470083263409279,-0.44700832634092746,-0.47182116576920596,0.10000000000000009,-1.0,-0.19063545150501682,0.714285714285714
135,-0.4520966457970266,-0.786231884057971,-0.6888168557536467,-0.6331096196868008,-0.3802816901408451,-0.5204081632653061,-0.33333333333333337,0.0,-0.6112689393939394,-0.8112307692307692,-0.06319702602230481,-0.10714285714285732,0.3624999999999998,0.11764705882352944,0.07142857142857117,-0.07499999999999973,0.3249999999999993,0.16666666666666607,-1.0,0.04166666666666652,-0.452096645797027,-0.452096645797027,-0.45209664579702435,-0.4520966457970278,-0.4520966457970278,-0.4520966457970268,-0.47727028940424343,0.19999999999999996,-1.0,-0.25083612040133774,0.714285714285714
136,-0.4622517696163859,-0.782608695652174,-0.6888168557536467,-0.5950782997762862,-0.42535211267605655,-0.6020408163265303,-0.33333333333333337,0.0,-0.6242897727272727,-0.8020769230769231,-0.0029739776951672736,-0.017857142857143127,0.3687499999999999,0.02941176470588225,0.1785714285714286,-0.06250000000000044,0.4375,0.08333333333333304,-1.0,0.14583333333333326,-0.4622732847092237,-0.4622732847092237,-0.46227328470922135,-0.462273284709224,-0.462273284709224,-0.46227328470922324,-0.488125630189003,0.19999999999999996,-1.0,-0.37792642140468247,0.714285714285714
137,-0.4673723617117408,-0.782608695652174,-0.6888168557536467,-0.5771812080536912,-0.44788732394366215,-0.6428571428571428,-0.33333333333333337,0.0,-0.6308001893939394,-0.7975,0.027137546468401386,0.02678571428571397,0.37187499999999973,-0.014705882352941901,0.23214285714285654,-0.05624999999999902,0.49375000000000036,0.04166666666666652,-1.0,0.19791666666666652,-0.46736160188859244,-0.46736160188859244,-0.46736160416532146,-0.4673616041653239,-0.4673616041653239,-0.4673616041653226,-0.4935747538240405,0.19999999999999996,-1.0,-0.4381270903010035,0.714285714285714
138,-0.47244992362142046,-0.7789855072463768,-0.6888168557536467,-0.5592841163310961,-0.47605633802816916,-0.6836734693877549,-0.33333333333333337,0.0,-0.6373106060606061,-0.792923076923077,0.057249070631970156,0.07142857142857117,0.375,-0.05882352941176505,0.28571428571428537,-0.04999999999999938,0.5500000000000007,-7.771561172376096e-16,-1.0,0.24999999999999978,-0.47244992362142024,-0.47244992362142024,-0.47244992362141847,-0.47244992362142024,-0.47244992362142024,-0.4724499236214198,-0.49902387745907795,0.19999999999999996,-1.0,-0.4983277591973244,0.714285714285714
139,-0.4826050474407797,-0.7789855072463768,-0.6888168557536467,-0.5212527964205815,-0.5211267605633803,-0.7653061224489794,-0.33333333333333337,-0.4999999999999978,-0.6503314393939394,-0.7837692307692308,0.1174721189591077,0.16071428571428537,0.38124999999999964,-0.14705882352941224,0.39285714285714257,-0.03750000000000009,0.6624999999999996,-0.08333333333333381,-1.0,0.3541666666666665,-0.4826265625336168,-0.4826265625336168,-0.48262656253361547,-0.48262656253362,-0.48262656253362,-0.48262656253361835,-0.5098792182438375,0.19999999999999996,-1.0,-0.6254180602006691,0.42857142857142816
140,-0.48772563953613457,-0.7753623188405797,-0.6855753646677472,-0.5033557046979865,-0.5492957746478873,-0.8061224489795916,-0.33333333333333337,-0.4999999999999978,-0.6568418560606061,-0.7791923076923077,0.1475836431226767,0.20535714285714257,0.3843749999999999,-0.1911764705882354,0.4464285714285714,-0.031250000000000444,0.71875,-0.12500000000000022,-1.0,0.4062499999999998,-0.48771487971298555,-0.48771487971298555,-0.4877148819897156,-0.48771488198971635,-0.48771488198971635,-0.4877148819897156,-0.515328341878875,0.19999999999999996,-1.0,-0.6856187290969902,0.42857142857142816
141,-0.49280320144581424,-0.7753623188405797,-0.6855753646677472,-0.4854586129753916,-0.5718309859154933,-0.8367346938775508,-0.33333333333333337,-0.4999999999999978,-0.6633522727272727,-0.7746153846153846,0.17769516728624546,0.24999999999999978,0.38749999999999973,-0.23529411764705954,0.49999999999999933,-0.024999999999999023,0.7750000000000004,-0.16666666666666674,-1.0,0.45833333333333304,-0.49280320144581335,-0.49280320144581335,-0.49280320144581247,-0.49280320144581624,-0.49280320144581624,-0.4928032014458149,-0.5207774655139124,0.30000000000000004,-1.0,-0.7525083612040133,0.42857142857142816
142,-0.5029583252651735,-0.7717391304347826,-0.6855753646677472,-0.44742729306487694,-0.6169014084507044,-0.9183673469387754,-0.33333333333333337,-0.4999999999999978,-0.6763731060606061,-0.7654615384615384,0.237918215613383,0.33928571428571397,0.3937499999999998,-0.32352941176470573,0.6071428571428568,-0.012499999999999734,0.8874999999999993,-0.25000000000000056,-1.0,0.5624999999999998,-0.5029798403580099,-0.5029798403580099,-0.5029798403580095,-0.5029798403580124,-0.5029798403580124,-0.5029798403580114,-0.531632806298672,0.30000000000000004,-1.0,-0.8729096989966558,0.42857142857142816
143,-0.5080789173605285,-0.7681159420289855,-0.6855753646677472,-0.42953020134228204,-0.6450704225352114,-0.9591836734693875,-0.33333333333333337,-0.4999999999999978,-0.6828835227272727,-0.7608846153846154,0.26802973977695177,0.3839285714285712,0.39687499999999964,-0.3676470588235299,0.6607142857142847,-0.006250000000000089,0.9437499999999996,-0.2916666666666671,-1.0,0.614583333333333,-0.5080681575373813,-0.5080681575373813,-0.5080681598141096,-0.5080681598141124,-0.5080681598141124,-0.5080681598141106,-0.5370819299337095,0.30000000000000004,-1.0,-0.9397993311036791,0.42857142857142816
144,-0.5131564792702081,-0.7681159420289855,-0.6855753646677472,-0.4116331096196869,-0.6676056338028169,-1.0,-0.33333333333333337,-0.4999999999999978,-0.6893939393939394,-0.7563076923076923,0.29814126394052054,0.42857142857142816,0.3999999999999999,-0.41176470588235303,0.7142857142857142,-4.440892098500626e-16,1.0,-0.3333333333333336,-1.0,0.6666666666666665,-0.5131564792702092,-0.5131564792702092,-0.5131564792702066,-0.5131564792702086,-0.5131564792702086,-0.5131564792702079,-0.5425310535687469,0.30000000000000004,-1.0,-1.0,0.42857142857142816
145,-0.5010219669097873,-0.7391304347826086,-0.659643435980551,-0.3825503355704697,-0.6112676056338029,-0.9897959183673468,-0.33333333333333337,-0.4999999999999978,-0.7088068181818181,-0.7715384615384615,0.2944237918215613,0.357142857142857,0.4312499999999999,-0.38235294117647123,0.6607142857142847,-0.06250000000000044,0.9250000000000007,-0.2916666666666671,-0.9642857142857137,0.604166666666667,-0.5010273445446318,-0.5010273445446318,-0.5010273430268104,-0.5010273395358276,-0.5010273395358276,-0.5010273456829963,-0.529787827430116,0.30000000000000004,-1.0,-0.9598662207357862,0.42857142857142816
146,-0.49495471072957675,-0.7282608695652174,-0.646677471636953,-0.3691275167785235,-0.5830985915492959,-0.9897959183673468,-0.33333333333333337,-0.4999999999999978,-0.7185132575757576,-0.7791538461538461,0.2925650557620818,0.3214285714285714,0.4468749999999999,-0.3676470588235299,0.6339285714285707,-0.09375000000000044,0.8874999999999993,-0.2708333333333335,-0.946428571428572,0.5729166666666674,-0.49496277945857403,-0.49496277945857403,-0.4949627802174812,-0.4949627758158084,-0.4949627758158084,-0.49496277171769276,-0.523394761118143,0.30000000000000004,-1.0,-0.9464882943143812,0.42857142857142816
147,-0.48888745454936633,-0.713768115942029,-0.633711507293355,-0.3534675615212528,-0.5549295774647889,-0.979591836734694,-0.33333333333333337,-0.4999999999999978,-0.728219696969697,-0.7867692307692308,0.2907063197026023,0.2857142857142858,0.4624999999999999,-0.35294117647058854,0.6071428571428568,-0.12500000000000056,0.8499999999999996,-0.25000000000000056,-0.9285714285714288,0.5416666666666676,-0.4888982098190545,-0.4888982098190545,-0.4888982120957831,-0.48889821209578577,-0.48889821209578577,-0.488898212095785,-0.5170446012914852,0.19999999999999996,-1.0,-0.9264214046822746,0.42857142857142816
148,-0.4767529421889456,-0.6847826086956521,-0.6077795786061588,-0.3266219239373601,-0.5042253521126763,-0.979591836734694,-0.33333333333333337,-0.4999999999999978,-0.7476325757575757,-0.802,0.28698884758364307,0.2142857142857142,0.4937499999999999,-0.32352941176470573,0.5535714285714286,-0.18750000000000056,0.7750000000000004,-0.20833333333333404,-0.8928571428571426,0.47916666666666674,-0.4767690796469388,-0.4767690796469388,-0.47676907585239003,-0.47676907236140464,-0.47676907236140464,-0.47676907850857353,-0.5043013751528543,0.19999999999999996,-1.0,-0.8862876254180603,0.42857142857142816
149,-0.47068568600873517,-0.6739130434782609,-0.5948136142625609,-0.3109619686800894,-0.47605633802816916,-0.9693877551020408,-0.33333333333333337,-0.4999999999999978,-0.7573390151515151,-0.8096153846153846,0.28513011152416357,0.1785714285714286,0.5093749999999999,-0.3088235294117654,0.5267857142857133,-0.21874999999999967,0.7375000000000007,-0.18750000000000044,-0.8749999999999996,0.44791666666666696,-0.47070451000742186,-0.47070451000742186,-0.4707045130430577,-0.4707045086413856,-0.4707045086413856,-0.47070450454326984,-0.49790830884088133,0.19999999999999996,-1.0,-0.8662207357859537,0.42857142857142816
150,-0.46461842982852475,-0.6594202898550725,-0.5786061588330632,-0.29753914988814334,-0.44788732394366215,-0.9693877551020408,-0.33333333333333337,-0.4999999999999978,-0.7670454545454546,-0.8172307692307692,0.28327137546468406,0.14285714285714302,0.5249999999999999,-0.29411764705882404,0.49999999999999933,-0.24999999999999967,0.6999999999999993,-0.16666666666666674,-0.8571428571428577,0.4166666666666674,-0.4646399449213614,-0.4646399449213614,-0.46463994492136274,-0.46463994492136285,-0.46463994492136285,-0.46463994492136207,-0.49155814901422346,0.19999999999999996,-1.0,-0.8461538461538465,0.42857142857142816
151,-0.4525269476537791,-0.6304347826086957,-0.5526742301458671,-0.26845637583892623,-0.39154929577464803,-0.9591836734693875,-0.33333333333333337,-0.4999999999999978,-0.7864583333333334,-0.8324615384615385,0.27955390334572483,0.07142857142857117,0.5562499999999999,-0.26470588235294124,0.4464285714285714,-0.31249999999999967,0.625,-0.12500000000000022,-0.8214285714285715,0.3541666666666665,-0.45251081019578665,-0.45251081019578665,-0.45251080867796656,-0.4525108051869817,-0.4525108051869817,-0.4525108113341506,-0.4788149228755927,0.10000000000000009,-1.0,-0.8127090301003349,0.42857142857142816
152,-0.4464596914735687,-0.6159420289855073,-0.539708265802269,-0.2550335570469797,-0.363380281690141,-0.9591836734693875,-0.33333333333333337,-0.4999999999999978,-0.7961647727272727,-0.840076923076923,0.2776951672862453,0.03571428571428559,0.5718749999999999,-0.2499999999999999,0.41964285714285676,-0.34374999999999967,0.5875000000000004,-0.1041666666666674,-0.8035714285714284,0.32291666666666674,-0.4464462451097262,-0.4464462451097262,-0.44644624586863735,-0.44644624146696266,-0.44644624146696266,-0.4464462373688469,-0.47242185656361957,0.10000000000000009,-1.0,-0.7926421404682277,0.42857142857142816
153,-0.44039243529335825,-0.605072463768116,-0.526742301458671,-0.23937360178970934,-0.3352112676056339,-0.9489795918367346,-0.33333333333333337,-0.4999999999999978,-0.8058712121212122,-0.8476923076923077,0.2758364312267658,0.0,0.5874999999999999,-0.23529411764705954,0.39285714285714257,-0.37499999999999967,0.5500000000000007,-0.08333333333333381,-0.7857142857142853,0.29166666666666696,-0.44038167547020934,-0.44038167547020934,-0.44038167774693926,-0.44038167774694004,-0.44038167774694004,-0.44038167774693915,-0.4660716967369618,0.10000000000000009,-1.0,-0.7725752508361206,0.42857142857142816
154,-0.4282579229329374,-0.5760869565217391,-0.5008103727714749,-0.21252796420581654,-0.2845070422535214,-0.9387755102040815,-0.33333333333333337,-0.4999999999999978,-0.8252840909090909,-0.8629230769230769,0.2721189591078066,-0.07142857142857117,0.6187499999999999,-0.20588235294117674,0.33928571428571397,-0.4374999999999998,0.47499999999999964,-0.041666666666667296,-0.7500000000000003,0.22916666666666763,-0.42825254529809365,-0.42825254529809365,-0.4282525415035431,-0.4282525380125589,-0.4282525380125589,-0.4282525441597278,-0.4533284705983309,0.10000000000000009,-1.0,-0.7391304347826089,0.42857142857142816
155,-0.422190666752727,-0.5615942028985508,-0.4878444084278768,-0.19686800894854584,-0.2563380281690143,-0.9387755102040815,-0.33333333333333337,-0.4999999999999978,-0.8349905303030303,-0.8705384615384615,0.2702602230483271,-0.10714285714285732,0.6343749999999999,-0.1911764705882354,0.3125,-0.4687499999999998,0.4375,-0.020833333333333592,-0.7321428571428572,0.19791666666666652,-0.42218797565857413,-0.42218797565857413,-0.4221879786942139,-0.42218797429253985,-0.42218797429253985,-0.4221879701944241,-0.4469354042863579,0.10000000000000009,-1.0,-0.7190635451505017,0.42857142857142816
156,-0.41612341057251667,-0.5471014492753623,-0.4748784440842788,-0.18344519015659977,-0.2281690140845073,-0.9285714285714286,0.33333333333333326,-0.4999999999999978,-0.8446969696969697,-0.8781538461538462,0.2684014869888476,-0.1428571428571429,0.6499999999999999,-0.17647058823529405,0.28571428571428537,-0.4999999999999998,0.40000000000000036,-7.771561172376096e-16,-0.7142857142857141,0.16666666666666674,-0.41612341057251623,-0.41612341057251623,-0.4161234105725158,-0.4161234105725171,-0.4161234105725171,-0.41612341057251634,-0.44058524445970004,0.10000000000000009,4.440892098500626e-16,-0.6989966555183951,0.42857142857142816
157,-0.4039888982120958,-0.5217391304347826,-0.44894651539708263,-0.15436241610738266,-0.17183098591549317,-0.9285714285714286,0.33333333333333326,-1.0,-0.8641098484848485,-0.8933846153846154,0.2646840148698886,-0.21428571428571408,0.6812499999999999,-0.14705882352941224,0.23214285714285654,-0.5624999999999998,0.3249999999999993,0.04166666666666652,-0.6785714285714292,0.1041666666666674,-0.4039942758469416,-0.4039942758469416,-0.4039942743291196,-0.403994270838136,-0.403994270838136,-0.4039942769853049,-0.4278420183210693,0.0,4.440892098500626e-16,-0.6588628762541808,0.42857142857142816
158,-0.3979216420318854,-0.5072463768115942,-0.43598055105348466,-0.14093959731543615,-0.14366197183098617,-0.9183673469387754,0.33333333333333326,-1.0,-0.8738162878787878,-0.901,0.26282527881040885,-0.24999999999999967,0.6968749999999999,-0.1323529411764709,0.20535714285714257,-0.5937499999999998,0.28749999999999964,0.062499999999999334,-0.660714285714286,0.07291666666666763,-0.397929710760881,-0.397929710760881,-0.3979297115197903,-0.3979297071181169,-0.3979297071181169,-0.3979297030200012,-0.42144895200909616,0.0,4.440892098500626e-16,-0.6454849498327764,0.42857142857142816
159,-0.391854385851675,-0.49275362318840576,-0.42301458670988656,-0.12527964205816544,-0.11549295774647916,-0.9183673469387754,0.33333333333333326,-1.0,-0.8835227272727273,-0.9086153846153846,0.26096654275092934,-0.2857142857142859,0.7124999999999999,-0.11764705882352955,0.1785714285714286,-0.6249999999999998,0.25,0.08333333333333304,-0.642857142857143,0.04166666666666652,-0.39186514112136417,-0.39186514112136417,-0.3918651433980922,-0.3918651433980943,-0.3918651433980943,-0.3918651433980934,-0.4150987921824384,0.0,4.440892098500626e-16,-0.6254180602006691,0.42857142857142816
160,-0.37971987349125413,-0.46739130434782605,-0.3970826580226904,-0.09843400447427297,-0.06478873239436655,-0.9081632653061222,0.33333333333333326,-1.0,-0.9029356060606061,-0.9238461538461539,0.25724907063197033,-0.3571428571428571,0.7437499999999999,-0.08823529411764774,0.12499999999999978,-0.6874999999999998,0.1750000000000007,0.12499999999999956,-0.6071428571428568,-0.020833333333332926,-0.3797360109492458,-0.3797360109492458,-0.37973600715469613,-0.3797360036637132,-0.3797360036637132,-0.37973600981088196,-0.4023555660438075,0.0,4.440892098500626e-16,-0.5852842809364548,0.42857142857142816
161,-0.3736526173110437,-0.4528985507246377,-0.3841166936790924,-0.08277404921700227,-0.03661971830985944,-0.9081632653061222,0.33333333333333326,-1.0,-0.9126420454545454,-0.9314615384615385,0.2553903345724906,-0.3928571428571427,0.7593749999999999,-0.0735294117647064,0.09821428571428514,-0.7187499999999999,0.1374999999999993,0.14583333333333326,-0.5892857142857149,-0.05208333333333259,-0.37367144130972896,-0.37367144130972896,-0.3736714443453668,-0.3736714399436941,-0.3736714399436941,-0.37367143584557827,-0.3959624997318345,-0.09999999999999998,4.440892098500626e-16,-0.5652173913043482,0.42857142857142816
162,-0.3675853611308333,-0.4384057971014492,-0.36790923824959476,-0.06935123042505587,-0.008450704225352434,-0.8979591836734694,0.33333333333333326,-1.0,-0.9223484848484849,-0.939076923076923,0.2535315985130111,-0.42857142857142816,0.7749999999999999,-0.05882352941176505,0.07142857142857117,-0.7499999999999999,0.09999999999999964,0.16666666666666607,-0.5714285714285718,-0.08333333333333226,-0.36760687622367105,-0.36760687622367105,-0.3676068762236687,-0.3676068762236714,-0.3676068762236714,-0.3676068762236705,-0.38961233990517663,-0.09999999999999998,4.440892098500626e-16,-0.5451505016722411,0.42857142857142816
163,-0.35549387895608775,-0.4130434782608695,-0.3419773095623987,-0.04026845637583909,0.047887323943661686,-0.8877551020408162,0.33333333333333326,-1.0,-0.9417613636363636,-0.9543076923076923,0.2498141263940521,-0.5,0.8062499999999995,-0.02941176470588225,0.01785714285714257,-0.8124999999999999,0.025000000000000355,0.2083333333333326,-0.5357142857142856,-0.14583333333333315,-0.35547774149809375,-0.35547774149809375,-0.35547773998027565,-0.35547773648929026,-0.35547773648929026,-0.35547774263645904,-0.37686911376654586,-0.09999999999999998,4.440892098500626e-16,-0.5117056856187294,0.42857142857142816
164,-0.3494266227758773,-0.39855072463768115,-0.3290113452188006,-0.02684563758389269,0.07605633802816869,-0.8877551020408162,0.33333333333333326,-1.0,-0.951467803030303,-0.9619230769230769,0.2479553903345726,-0.5357142857142856,0.8218749999999995,-0.014705882352941901,-0.008928571428571508,-0.8437499999999999,-0.01249999999999929,0.2291666666666663,-0.5178571428571425,-0.17708333333333282,-0.34941317641203584,-0.34941317641203584,-0.34941317717094333,-0.3494131727692712,-0.3494131727692712,-0.34941316867115546,-0.37047604745457274,-0.09999999999999998,4.440892098500626e-16,-0.4916387959866223,0.42857142857142816
165,-0.3433593665956669,-0.3840579710144928,-0.3160453808752026,-0.01118568232662187,0.1042253521126757,-0.8877551020408162,0.33333333333333326,-1.0,-0.9611742424242424,-0.9695384615384616,0.24609665427509286,-0.5714285714285712,0.8374999999999995,-5.551115123125783e-16,-0.035714285714286254,-0.875,-0.05000000000000071,0.24999999999999978,-0.5000000000000007,-0.2083333333333326,-0.343348606772519,-0.343348606772519,-0.34334860904924835,-0.3433486090492486,-0.3433486090492486,-0.3433486090492477,-0.364125887627915,-0.09999999999999998,4.440892098500626e-16,-0.47157190635451507,0.42857142857142816
166,-0.33122485423524606,-0.3586956521739131,-0.29011345218800644,0.015659955257270486,0.15492957746478875,-0.8775510204081634,0.33333333333333326,-1.0,-0.9805871212121212,-0.9847692307692307,0.24237918215613385,-0.642857142857143,0.8687499999999995,0.02941176470588225,-0.0892857142857143,-0.9375,-0.125,0.2916666666666663,-0.4642857142857144,-0.2708333333333335,-0.33121947660040063,-0.33121947660040063,-0.3312194728058522,-0.33121946931486745,-0.33121946931486745,-0.33121947546203623,-0.3513826614892841,-0.19999999999999996,4.440892098500626e-16,-0.4381270903010035,0.42857142857142816
167,-0.32515759805503563,-0.3442028985507246,-0.27714748784440846,0.031319910514541416,0.18309859154929575,-0.8673469387755102,0.33333333333333326,-1.0,-0.9902935606060606,-0.9923846153846154,0.24052044609665435,-0.6785714285714286,0.8843749999999995,0.044117647058823595,-0.11607142857142894,-0.96875,-0.16249999999999964,0.3124999999999991,-0.4464285714285713,-0.30208333333333315,-0.3251549069608838,-0.3251549069608838,-0.32515490999652297,-0.3251549055948483,-0.3251549055948483,-0.32515490149673254,-0.3449895951773111,-0.19999999999999996,4.440892098500626e-16,-0.41806020066889626,0.42857142857142816
168,-0.3190903418748252,-0.32971014492753625,-0.26418152350081037,0.044742729306487705,0.21126760563380276,-0.8673469387755102,0.33333333333333326,-1.0,-1.0,-1.0,0.23866171003717462,-0.7142857142857141,0.8999999999999995,0.05882352941176405,-0.1428571428571429,-1.0,-0.1999999999999993,0.3333333333333328,-0.42857142857142816,-0.3333333333333328,-0.319090341874826,-0.319090341874826,-0.3190903418748249,-0.31909034187482566,-0.31909034187482566,-0.31909034187482477,-0.3386394353506532,-0.19999999999999996,4.440892098500626e-16,-0.3979933110367897,0.42857142857142816
